[debug] [2026-07-07T02:19:29.244Z] ----------------------------------------------------------------------
[debug] [2026-07-07T02:19:29.247Z] Command:       C:\Program Files\nodejs\node.exe C:\Users\solid\AppData\Roaming\npm\node_modules\firebase-tools\lib\bin\firebase.js deploy --only hosting functions --project enzine-schedule
[debug] [2026-07-07T02:19:29.247Z] CLI Version:   15.22.4
[debug] [2026-07-07T02:19:29.248Z] Platform:      win32
[debug] [2026-07-07T02:19:29.248Z] Node Version:  v22.17.0
[debug] [2026-07-07T02:19:29.248Z] Detected Agent: unknown
[debug] [2026-07-07T02:19:29.248Z] Time:          Tue Jul 07 2026 11:19:29 GMT+0900 (Japan Standard Time)
[debug] [2026-07-07T02:19:29.248Z] ----------------------------------------------------------------------
[debug] 
[debug] [2026-07-07T02:19:31.423Z] > command requires scopes: ["email","openid","https://www.googleapis.com/auth/cloudplatformprojects.readonly","https://www.googleapis.com/auth/firebase","https://www.googleapis.com/auth/cloud-platform"]
[debug] [2026-07-07T02:19:31.423Z] > authorizing via signed-in user (solidol.pt@gmail.com)
[debug] [2026-07-07T02:19:31.424Z] [iam] checking project enzine-schedule for permissions ["cloudfunctions.functions.create","cloudfunctions.functions.delete","cloudfunctions.functions.get","cloudfunctions.functions.list","cloudfunctions.functions.update","cloudfunctions.operations.get","firebase.projects.get","firebasehosting.sites.update"]
[debug] [2026-07-07T02:19:31.425Z] Checked if tokens are valid: false, expires at: 1783390215487
[debug] [2026-07-07T02:19:31.425Z] Checked if tokens are valid: false, expires at: 1783390215487
[debug] [2026-07-07T02:19:31.425Z] > refreshing access token with scopes: []
[debug] [2026-07-07T02:19:31.427Z] >>> [apiv2][query] POST https://www.googleapis.com/oauth2/v3/token [none]
[debug] [2026-07-07T02:19:31.427Z] >>> [apiv2][body] POST https://www.googleapis.com/oauth2/v3/token [omitted]
[debug] [2026-07-07T02:19:31.739Z] <<< [apiv2][status] POST https://www.googleapis.com/oauth2/v3/token 200
[debug] [2026-07-07T02:19:31.739Z] <<< [apiv2][body] POST https://www.googleapis.com/oauth2/v3/token [omitted]
[debug] [2026-07-07T02:19:31.747Z] >>> [apiv2][query] POST https://cloudresourcemanager.googleapis.com/v1/projects/enzine-schedule:testIamPermissions [none]
[debug] [2026-07-07T02:19:31.747Z] >>> [apiv2][(partial)header] POST https://cloudresourcemanager.googleapis.com/v1/projects/enzine-schedule:testIamPermissions  x-goog-user-project=enzine-schedule
[debug] [2026-07-07T02:19:31.747Z] >>> [apiv2][body] POST https://cloudresourcemanager.googleapis.com/v1/projects/enzine-schedule:testIamPermissions {"permissions":["cloudfunctions.functions.create","cloudfunctions.functions.delete","cloudfunctions.functions.get","cloudfunctions.functions.list","cloudfunctions.functions.update","cloudfunctions.operations.get","firebase.projects.get","firebasehosting.sites.update"]}
[debug] [2026-07-07T02:19:32.442Z] <<< [apiv2][status] POST https://cloudresourcemanager.googleapis.com/v1/projects/enzine-schedule:testIamPermissions 200
[debug] [2026-07-07T02:19:32.442Z] <<< [apiv2][body] POST https://cloudresourcemanager.googleapis.com/v1/projects/enzine-schedule:testIamPermissions {"permissions":["cloudfunctions.functions.create","cloudfunctions.functions.delete","cloudfunctions.functions.get","cloudfunctions.functions.list","cloudfunctions.functions.update","cloudfunctions.operations.get","firebase.projects.get","firebasehosting.sites.update"]}
[debug] [2026-07-07T02:19:32.442Z] Checked if tokens are valid: true, expires at: 1783394370739
[debug] [2026-07-07T02:19:32.442Z] Checked if tokens are valid: true, expires at: 1783394370739
[debug] [2026-07-07T02:19:32.442Z] >>> [apiv2][query] POST https://iam.googleapis.com/v1/projects/enzine-schedule/serviceAccounts/enzine-schedule@appspot.gserviceaccount.com:testIamPermissions [none]
[debug] [2026-07-07T02:19:32.442Z] >>> [apiv2][body] POST https://iam.googleapis.com/v1/projects/enzine-schedule/serviceAccounts/enzine-schedule@appspot.gserviceaccount.com:testIamPermissions {"permissions":["iam.serviceAccounts.actAs"]}
[debug] [2026-07-07T02:19:33.448Z] <<< [apiv2][status] POST https://iam.googleapis.com/v1/projects/enzine-schedule/serviceAccounts/enzine-schedule@appspot.gserviceaccount.com:testIamPermissions 200
[debug] [2026-07-07T02:19:33.448Z] <<< [apiv2][body] POST https://iam.googleapis.com/v1/projects/enzine-schedule/serviceAccounts/enzine-schedule@appspot.gserviceaccount.com:testIamPermissions {"permissions":["iam.serviceAccounts.actAs"]}
[debug] [2026-07-07T02:19:33.449Z] Checked if tokens are valid: true, expires at: 1783394370739
[debug] [2026-07-07T02:19:33.449Z] Checked if tokens are valid: true, expires at: 1783394370739
[debug] [2026-07-07T02:19:33.449Z] >>> [apiv2][query] GET https://firebase.googleapis.com/v1beta1/projects/enzine-schedule [none]
[debug] [2026-07-07T02:19:33.849Z] <<< [apiv2][status] GET https://firebase.googleapis.com/v1beta1/projects/enzine-schedule 200
[debug] [2026-07-07T02:19:33.849Z] <<< [apiv2][body] GET https://firebase.googleapis.com/v1beta1/projects/enzine-schedule {"projectId":"enzine-schedule","projectNumber":"486612480549","displayName":"enzine-schedule","name":"projects/enzine-schedule","resources":{"hostingSite":"enzine-schedule"},"state":"ACTIVE","labels":{"firebase":"enabled"},"etag":"1_2c465360-355b-432f-bf08-aa104fc5e6a3"}
[info] 
[info] === Deploying to 'enzine-schedule'...
[info] 
[info] i  deploying functions, hosting 
[debug] [2026-07-07T02:19:33.853Z] Checked if tokens are valid: true, expires at: 1783394370739
[debug] [2026-07-07T02:19:33.853Z] Checked if tokens are valid: true, expires at: 1783394370739
[debug] [2026-07-07T02:19:33.853Z] >>> [apiv2][query] GET https://cloudresourcemanager.googleapis.com/v1/projects/enzine-schedule [none]
[debug] [2026-07-07T02:19:34.033Z] <<< [apiv2][status] GET https://cloudresourcemanager.googleapis.com/v1/projects/enzine-schedule 200
[debug] [2026-07-07T02:19:34.033Z] <<< [apiv2][body] GET https://cloudresourcemanager.googleapis.com/v1/projects/enzine-schedule {"projectNumber":"486612480549","projectId":"enzine-schedule","lifecycleState":"ACTIVE","name":"enzine-schedule","labels":{"firebase":"enabled","firebase-core":"disabled"},"createTime":"2026-05-06T09:23:19.080Z"}
[info] i  functions: preparing codebase default for deployment 
[info] i  functions: ensuring required API cloudfunctions.googleapis.com is enabled... 
[info] i  functions: ensuring required API cloudbuild.googleapis.com is enabled... 
[info] i  artifactregistry: ensuring required API artifactregistry.googleapis.com is enabled... 
[debug] [2026-07-07T02:19:34.036Z] Checked if tokens are valid: true, expires at: 1783394370739
[debug] [2026-07-07T02:19:34.036Z] Checked if tokens are valid: true, expires at: 1783394370739
[debug] [2026-07-07T02:19:34.036Z] >>> [apiv2][query] GET https://firebase.googleapis.com/v1beta1/projects/enzine-schedule/adminSdkConfig [none]
[debug] [2026-07-07T02:19:34.353Z] <<< [apiv2][status] GET https://firebase.googleapis.com/v1beta1/projects/enzine-schedule/adminSdkConfig 200
[debug] [2026-07-07T02:19:34.353Z] <<< [apiv2][body] GET https://firebase.googleapis.com/v1beta1/projects/enzine-schedule/adminSdkConfig {"projectId":"enzine-schedule","storageBucket":"enzine-schedule.firebasestorage.app"}
[debug] [2026-07-07T02:19:34.353Z] Checked if tokens are valid: true, expires at: 1783394370739
[debug] [2026-07-07T02:19:34.354Z] Checked if tokens are valid: true, expires at: 1783394370739
[debug] [2026-07-07T02:19:34.354Z] >>> [apiv2][query] GET https://runtimeconfig.googleapis.com/v1beta1/projects/enzine-schedule/configs [none]
[debug] [2026-07-07T02:19:34.885Z] <<< [apiv2][status] GET https://runtimeconfig.googleapis.com/v1beta1/projects/enzine-schedule/configs 200
[debug] [2026-07-07T02:19:34.885Z] <<< [apiv2][body] GET https://runtimeconfig.googleapis.com/v1beta1/projects/enzine-schedule/configs {}
[debug] [2026-07-07T02:19:34.886Z] Validating nodejs source
[warn] !  functions: package.json indicates an outdated version of firebase-functions. Please upgrade using npm install --save firebase-functions@latest in your functions directory. 
[warn] !  functions: Please note that there will be breaking changes when you upgrade. 
[debug] [2026-07-07T02:19:36.467Z] > [functions] package.json contents: {
  "name": "enzine-schedule-functions",
  "private": true,
  "engines": {
    "node": "22"
  },
  "main": "index.js",
  "scripts": {
    "lint": "node --check index.js && node --check chatwork.js"
  },
  "dependencies": {
    "firebase-admin": "^13.0.0",
    "firebase-functions": "^6.0.0"
  }
}
[debug] [2026-07-07T02:19:36.468Z] Building nodejs source
[info] i  functions: Loading and analyzing source code for codebase default to determine what to deploy 
[debug] [2026-07-07T02:19:36.469Z] Could not find functions.yaml. Must use http discovery
[debug] [2026-07-07T02:19:36.483Z] Found firebase-functions binary at 'E:\codex\dev\enzine-schedule\source\enzine-schedule\functions\node_modules\.bin\firebase-functions'
[info] Serving at port 8790

[debug] [2026-07-07T02:19:37.517Z] Got response from /__/functions.yaml {"endpoints":{"createAuthUserAndProfile":{"availableMemoryMb":null,"timeoutSeconds":30,"minInstances":null,"maxInstances":2,"ingressSettings":null,"concurrency":null,"serviceAccountEmail":null,"vpc":null,"platform":"gcfv2","region":["asia-northeast1"],"labels":{},"callableTrigger":{},"entryPoint":"createAuthUserAndProfile"},"migrateLegacyOfficeIdToEnzineChiba":{"availableMemoryMb":null,"timeoutSeconds":120,"minInstances":null,"maxInstances":1,"ingressSettings":null,"concurrency":null,"serviceAccountEmail":null,"vpc":null,"platform":"gcfv2","region":["asia-northeast1"],"labels":{},"callableTrigger":{},"entryPoint":"migrateLegacyOfficeIdToEnzineChiba"},"getChatworkConsoleData":{"availableMemoryMb":null,"timeoutSeconds":30,"minInstances":null,"maxInstances":4,"ingressSettings":null,"concurrency":null,"serviceAccountEmail":null,"vpc":null,"platform":"gcfv2","region":["asia-northeast1"],"labels":{},"callableTrigger":{},"entryPoint":"getChatworkConsoleData"},"getChatworkWeeklyReportMissingGroup":{"availableMemoryMb":null,"timeoutSeconds":60,"minInstances":null,"maxInstances":2,"ingressSettings":null,"concurrency":null,"serviceAccountEmail":null,"vpc":null,"platform":"gcfv2","region":["asia-northeast1"],"labels":{},"callableTrigger":{},"entryPoint":"getChatworkWeeklyReportMissingGroup"},"saveChatworkIntegrationConfig":{"availableMemoryMb":null,"timeoutSeconds":30,"minInstances":null,"maxInstances":2,"ingressSettings":null,"concurrency":null,"serviceAccountEmail":null,"vpc":null,"platform":"gcfv2","region":["asia-northeast1"],"labels":{},"callableTrigger":{},"entryPoint":"saveChatworkIntegrationConfig"},"sendChatworkMessage":{"availableMemoryMb":null,"timeoutSeconds":60,"minInstances":null,"maxInstances":2,"ingressSettings":null,"concurrency":null,"serviceAccountEmail":null,"vpc":null,"platform":"gcfv2","region":["asia-northeast1"],"secretEnvironmentVariables":[{"key":"CHATWORK_API_TOKEN_ENZINE_CHIBA"}],"labels":{},"callableTrigger":{},"entryPoint":"sendChatworkMessage"}},"specVersion":"v1alpha1","requiredAPIs":[],"extensions":{},"params":[{"type":"secret","name":"CHATWORK_API_TOKEN_ENZINE_CHIBA"}]}
[debug] [2026-07-07T02:19:41.562Z] Checked if tokens are valid: true, expires at: 1783394370739
[debug] [2026-07-07T02:19:41.562Z] Checked if tokens are valid: true, expires at: 1783394370739
[debug] [2026-07-07T02:19:41.563Z] >>> [apiv2][query] GET https://cloudfunctions.googleapis.com/v1/projects/enzine-schedule/locations/-/functions [none]
[debug] [2026-07-07T02:19:42.529Z] <<< [apiv2][status] GET https://cloudfunctions.googleapis.com/v1/projects/enzine-schedule/locations/-/functions 200
[debug] [2026-07-07T02:19:42.529Z] <<< [apiv2][body] GET https://cloudfunctions.googleapis.com/v1/projects/enzine-schedule/locations/-/functions {}
[debug] [2026-07-07T02:19:42.529Z] Checked if tokens are valid: true, expires at: 1783394370739
[debug] [2026-07-07T02:19:42.529Z] Checked if tokens are valid: true, expires at: 1783394370739
[debug] [2026-07-07T02:19:42.530Z] >>> [apiv2][query] GET https://cloudfunctions.googleapis.com/v2/projects/enzine-schedule/locations/-/functions filter=environment%3D%22GEN_2%22
[debug] [2026-07-07T02:19:43.949Z] <<< [apiv2][status] GET https://cloudfunctions.googleapis.com/v2/projects/enzine-schedule/locations/-/functions 200
[debug] [2026-07-07T02:19:43.949Z] <<< [apiv2][body] GET https://cloudfunctions.googleapis.com/v2/projects/enzine-schedule/locations/-/functions {"functions":[{"name":"projects/enzine-schedule/locations/asia-northeast1/functions/saveChatworkIntegrationConfig","buildConfig":{"build":"projects/486612480549/locations/asia-northeast1/builds/9e78f024-af27-44db-9527-eeda4b231989","runtime":"nodejs22","entryPoint":"saveChatworkIntegrationConfig","source":{"storageSource":{"bucket":"gcf-v2-sources-486612480549-asia-northeast1","object":"saveChatworkIntegrationConfig/function-source.zip","generation":"1783388078511856"}},"environmentVariables":{"GOOGLE_NODE_RUN_SCRIPTS":""},"dockerRepository":"projects/enzine-schedule/locations/asia-northeast1/repositories/gcf-artifacts","sourceProvenance":{"resolvedStorageSource":{"bucket":"gcf-v2-sources-486612480549-asia-northeast1","object":"saveChatworkIntegrationConfig/function-source.zip","generation":"1783388078511856"}},"dockerRegistry":"ARTIFACT_REGISTRY","serviceAccount":"projects/enzine-schedule/serviceAccounts/486612480549-compute@developer.gserviceaccount.com","automaticUpdatePolicy":{}},"serviceConfig":{"service":"projects/enzine-schedule/locations/asia-northeast1/services/savechatworkintegrationconfig","timeoutSeconds":30,"environmentVariables":{"FIREBASE_CONFIG":"{\"projectId\":\"enzine-schedule\",\"storageBucket\":\"enzine-schedule.firebasestorage.app\"}","GCLOUD_PROJECT":"enzine-schedule","EVENTARC_CLOUD_EVENT_SOURCE":"projects/enzine-schedule/locations/asia-northeast1/services/saveChatworkIntegrationConfig","FUNCTION_TARGET":"saveChatworkIntegrationConfig","LOG_EXECUTION_ID":"true","FUNCTION_SIGNATURE_TYPE":"http"},"maxInstanceCount":2,"ingressSettings":"ALLOW_ALL","uri":"https://savechatworkintegrationconfig-ern3i6cvxq-an.a.run.app","serviceAccountEmail":"486612480549-compute@developer.gserviceaccount.com","availableMemory":"256Mi","allTrafficOnLatestRevision":true,"revision":"savechatworkintegrationconfig-00004-dih","maxInstanceRequestConcurrency":80,"availableCpu":"1"},"state":"ACTIVE","updateTime":"2026-07-07T01:34:45.696385111Z","labels":{"firebase-functions-hash":"7c5a8d58012d9d0eaf225d8d5c746784de824d40","deployment-tool":"cli-firebase","deployment-callable":"true"},"environment":"GEN_2","url":"https://asia-northeast1-enzine-schedule.cloudfunctions.net/saveChatworkIntegrationConfig","createTime":"2026-07-07T00:18:03.988602323Z","satisfiesPzi":true},{"name":"projects/enzine-schedule/locations/asia-northeast1/functions/migrateLegacyOfficeIdToEnzineChiba","buildConfig":{"build":"projects/486612480549/locations/asia-northeast1/builds/9e78f024-af27-44db-9527-eeda4b231989","runtime":"nodejs22","entryPoint":"migrateLegacyOfficeIdToEnzineChiba","source":{"storageSource":{"bucket":"gcf-v2-sources-486612480549-asia-northeast1","object":"migrateLegacyOfficeIdToEnzineChiba/function-source.zip","generation":"1783388078464015"}},"environmentVariables":{"GOOGLE_NODE_RUN_SCRIPTS":""},"dockerRepository":"projects/enzine-schedule/locations/asia-northeast1/repositories/gcf-artifacts","sourceProvenance":{"resolvedStorageSource":{"bucket":"gcf-v2-sources-486612480549-asia-northeast1","object":"migrateLegacyOfficeIdToEnzineChiba/function-source.zip","generation":"1783388078464015"}},"dockerRegistry":"ARTIFACT_REGISTRY","serviceAccount":"projects/enzine-schedule/serviceAccounts/486612480549-compute@developer.gserviceaccount.com","automaticUpdatePolicy":{}},"serviceConfig":{"service":"projects/enzine-schedule/locations/asia-northeast1/services/migratelegacyofficeidtoenzinechiba","timeoutSeconds":120,"environmentVariables":{"FIREBASE_CONFIG":"{\"projectId\":\"enzine-schedule\",\"storageBucket\":\"enzine-schedule.firebasestorage.app\"}","GCLOUD_PROJECT":"enzine-schedule","EVENTARC_CLOUD_EVENT_SOURCE":"projects/enzine-schedule/locations/asia-northeast1/services/migrateLegacyOfficeIdToEnzineChiba","FUNCTION_TARGET":"migrateLegacyOfficeIdToEnzineChiba","LOG_EXECUTION_ID":"true","FUNCTION_SIGNATURE_TYPE":"http"},"maxInstanceCount":1,"ingressSettings":"ALLOW_ALL","uri":"https://migratelegacyofficeidtoenzinechiba-ern3i6cvxq-an.a.run.app","serviceAccountEmail":"486612480549-compute@developer.gserviceaccount.com","availableMemory":"256Mi","allTrafficOnLatestRevision":true,"revision":"migratelegacyofficeidtoenzinechiba-00005-per","maxInstanceRequestConcurrency":80,"availableCpu":"1"},"state":"ACTIVE","updateTime":"2026-07-07T01:34:45.469217935Z","labels":{"deployment-tool":"cli-firebase","deployment-callable":"true","firebase-functions-hash":"7c5a8d58012d9d0eaf225d8d5c746784de824d40"},"environment":"GEN_2","url":"https://asia-northeast1-enzine-schedule.cloudfunctions.net/migrateLegacyOfficeIdToEnzineChiba","createTime":"2026-06-23T10:54:33.459136098Z","satisfiesPzi":true},{"name":"projects/enzine-schedule/locations/asia-northeast1/functions/sendChatworkMessage","buildConfig":{"build":"projects/486612480549/locations/asia-northeast1/builds/9e78f024-af27-44db-9527-eeda4b231989","runtime":"nodejs22","entryPoint":"sendChatworkMessage","source":{"storageSource":{"bucket":"gcf-v2-sources-486612480549-asia-northeast1","object":"sendChatworkMessage/function-source.zip","generation":"1783388078178139"}},"environmentVariables":{"GOOGLE_NODE_RUN_SCRIPTS":""},"dockerRepository":"projects/enzine-schedule/locations/asia-northeast1/repositories/gcf-artifacts","sourceProvenance":{"resolvedStorageSource":{"bucket":"gcf-v2-sources-486612480549-asia-northeast1","object":"sendChatworkMessage/function-source.zip","generation":"1783388078178139"}},"dockerRegistry":"ARTIFACT_REGISTRY","serviceAccount":"projects/enzine-schedule/serviceAccounts/486612480549-compute@developer.gserviceaccount.com","automaticUpdatePolicy":{}},"serviceConfig":{"service":"projects/enzine-schedule/locations/asia-northeast1/services/sendchatworkmessage","timeoutSeconds":60,"environmentVariables":{"FIREBASE_CONFIG":"{\"projectId\":\"enzine-schedule\",\"storageBucket\":\"enzine-schedule.firebasestorage.app\"}","GCLOUD_PROJECT":"enzine-schedule","EVENTARC_CLOUD_EVENT_SOURCE":"projects/enzine-schedule/locations/asia-northeast1/services/sendChatworkMessage","FUNCTION_TARGET":"sendChatworkMessage","LOG_EXECUTION_ID":"true","FUNCTION_SIGNATURE_TYPE":"http"},"maxInstanceCount":2,"ingressSettings":"ALLOW_ALL","uri":"https://sendchatworkmessage-ern3i6cvxq-an.a.run.app","serviceAccountEmail":"486612480549-compute@developer.gserviceaccount.com","availableMemory":"256Mi","allTrafficOnLatestRevision":true,"secretEnvironmentVariables":[{"key":"CHATWORK_API_TOKEN_ENZINE_CHIBA","projectId":"enzine-schedule","secret":"CHATWORK_API_TOKEN_ENZINE_CHIBA","version":"1"}],"revision":"sendchatworkmessage-00004-vah","maxInstanceRequestConcurrency":80,"availableCpu":"1"},"state":"ACTIVE","updateTime":"2026-07-07T01:34:45.265247375Z","labels":{"deployment-callable":"true","firebase-functions-hash":"36989a43accc477fd1b9b3c4667dcb417e02dd2d","deployment-tool":"cli-firebase"},"environment":"GEN_2","url":"https://asia-northeast1-enzine-schedule.cloudfunctions.net/sendChatworkMessage","createTime":"2026-07-07T00:18:04.092909913Z","satisfiesPzi":true},{"name":"projects/enzine-schedule/locations/asia-northeast1/functions/getChatworkConsoleData","buildConfig":{"build":"projects/486612480549/locations/asia-northeast1/builds/9e78f024-af27-44db-9527-eeda4b231989","runtime":"nodejs22","entryPoint":"getChatworkConsoleData","source":{"storageSource":{"bucket":"gcf-v2-sources-486612480549-asia-northeast1","object":"getChatworkConsoleData/function-source.zip","generation":"1783388078343116"}},"environmentVariables":{"GOOGLE_NODE_RUN_SCRIPTS":""},"dockerRepository":"projects/enzine-schedule/locations/asia-northeast1/repositories/gcf-artifacts","sourceProvenance":{"resolvedStorageSource":{"bucket":"gcf-v2-sources-486612480549-asia-northeast1","object":"getChatworkConsoleData/function-source.zip","generation":"1783388078343116"}},"dockerRegistry":"ARTIFACT_REGISTRY","serviceAccount":"projects/enzine-schedule/serviceAccounts/486612480549-compute@developer.gserviceaccount.com","automaticUpdatePolicy":{}},"serviceConfig":{"service":"projects/enzine-schedule/locations/asia-northeast1/services/getchatworkconsoledata","timeoutSeconds":30,"environmentVariables":{"FIREBASE_CONFIG":"{\"projectId\":\"enzine-schedule\",\"storageBucket\":\"enzine-schedule.firebasestorage.app\"}","GCLOUD_PROJECT":"enzine-schedule","EVENTARC_CLOUD_EVENT_SOURCE":"projects/enzine-schedule/locations/asia-northeast1/services/getChatworkConsoleData","FUNCTION_TARGET":"getChatworkConsoleData","LOG_EXECUTION_ID":"true","FUNCTION_SIGNATURE_TYPE":"http"},"maxInstanceCount":4,"ingressSettings":"ALLOW_ALL","uri":"https://getchatworkconsoledata-ern3i6cvxq-an.a.run.app","serviceAccountEmail":"486612480549-compute@developer.gserviceaccount.com","availableMemory":"256Mi","allTrafficOnLatestRevision":true,"revision":"getchatworkconsoledata-00004-taq","maxInstanceRequestConcurrency":80,"availableCpu":"1"},"state":"ACTIVE","updateTime":"2026-07-07T01:34:45.431342781Z","labels":{"deployment-tool":"cli-firebase","deployment-callable":"true","firebase-functions-hash":"7c5a8d58012d9d0eaf225d8d5c746784de824d40"},"environment":"GEN_2","url":"https://asia-northeast1-enzine-schedule.cloudfunctions.net/getChatworkConsoleData","createTime":"2026-07-07T00:17:04.947121066Z","satisfiesPzi":true},{"name":"projects/enzine-schedule/locations/asia-northeast1/functions/createAuthUserAndProfile","buildConfig":{"build":"projects/486612480549/locations/asia-northeast1/builds/9e78f024-af27-44db-9527-eeda4b231989","runtime":"nodejs22","entryPoint":"createAuthUserAndProfile","source":{"storageSource":{"bucket":"gcf-v2-sources-486612480549-asia-northeast1","object":"createAuthUserAndProfile/function-source.zip","generation":"1783388019122440"}},"environmentVariables":{"GOOGLE_NODE_RUN_SCRIPTS":""},"dockerRepository":"projects/enzine-schedule/locations/asia-northeast1/repositories/gcf-artifacts","sourceProvenance":{"resolvedStorageSource":{"bucket":"gcf-v2-sources-486612480549-asia-northeast1","object":"createAuthUserAndProfile/function-source.zip","generation":"1783388019122440"}},"dockerRegistry":"ARTIFACT_REGISTRY","serviceAccount":"projects/enzine-schedule/serviceAccounts/486612480549-compute@developer.gserviceaccount.com","automaticUpdatePolicy":{}},"serviceConfig":{"service":"projects/enzine-schedule/locations/asia-northeast1/services/createauthuserandprofile","timeoutSeconds":30,"environmentVariables":{"FIREBASE_CONFIG":"{\"projectId\":\"enzine-schedule\",\"storageBucket\":\"enzine-schedule.firebasestorage.app\"}","GCLOUD_PROJECT":"enzine-schedule","EVENTARC_CLOUD_EVENT_SOURCE":"projects/enzine-schedule/locations/asia-northeast1/services/createAuthUserAndProfile","FUNCTION_TARGET":"createAuthUserAndProfile","LOG_EXECUTION_ID":"true","FUNCTION_SIGNATURE_TYPE":"http"},"maxInstanceCount":2,"ingressSettings":"ALLOW_ALL","uri":"https://createauthuserandprofile-ern3i6cvxq-an.a.run.app","serviceAccountEmail":"486612480549-compute@developer.gserviceaccount.com","availableMemory":"256Mi","allTrafficOnLatestRevision":true,"revision":"createauthuserandprofile-00007-qag","maxInstanceRequestConcurrency":80,"availableCpu":"1"},"state":"ACTIVE","updateTime":"2026-07-07T01:34:38.442853609Z","labels":{"deployment-callable":"true","firebase-functions-hash":"7c5a8d58012d9d0eaf225d8d5c746784de824d40","deployment-tool":"cli-firebase"},"environment":"GEN_2","url":"https://asia-northeast1-enzine-schedule.cloudfunctions.net/createAuthUserAndProfile","createTime":"2026-06-22T06:30:23.301594009Z","satisfiesPzi":true},{"name":"projects/enzine-schedule/locations/asia-northeast1/functions/getChatworkWeeklyReportMissingGroup","buildConfig":{"build":"projects/486612480549/locations/asia-northeast1/builds/9e78f024-af27-44db-9527-eeda4b231989","runtime":"nodejs22","entryPoint":"getChatworkWeeklyReportMissingGroup","source":{"storageSource":{"bucket":"gcf-v2-sources-486612480549-asia-northeast1","object":"getChatworkWeeklyReportMissingGroup/function-source.zip","generation":"1783388078295221"}},"environmentVariables":{"GOOGLE_NODE_RUN_SCRIPTS":""},"dockerRepository":"projects/enzine-schedule/locations/asia-northeast1/repositories/gcf-artifacts","sourceProvenance":{"resolvedStorageSource":{"bucket":"gcf-v2-sources-486612480549-asia-northeast1","object":"getChatworkWeeklyReportMissingGroup/function-source.zip","generation":"1783388078295221"}},"dockerRegistry":"ARTIFACT_REGISTRY","serviceAccount":"projects/enzine-schedule/serviceAccounts/486612480549-compute@developer.gserviceaccount.com","automaticUpdatePolicy":{}},"serviceConfig":{"service":"projects/enzine-schedule/locations/asia-northeast1/services/getchatworkweeklyreportmissinggroup","timeoutSeconds":60,"environmentVariables":{"FIREBASE_CONFIG":"{\"projectId\":\"enzine-schedule\",\"storageBucket\":\"enzine-schedule.firebasestorage.app\"}","GCLOUD_PROJECT":"enzine-schedule","EVENTARC_CLOUD_EVENT_SOURCE":"projects/enzine-schedule/locations/asia-northeast1/services/getChatworkWeeklyReportMissingGroup","FUNCTION_TARGET":"getChatworkWeeklyReportMissingGroup","LOG_EXECUTION_ID":"true","FUNCTION_SIGNATURE_TYPE":"http"},"maxInstanceCount":2,"ingressSettings":"ALLOW_ALL","uri":"https://getchatworkweeklyreportmissinggroup-ern3i6cvxq-an.a.run.app","serviceAccountEmail":"486612480549-compute@developer.gserviceaccount.com","availableMemory":"256Mi","allTrafficOnLatestRevision":true,"revision":"getchatworkweeklyreportmissinggroup-00002-jar","maxInstanceRequestConcurrency":80,"availableCpu":"1"},"state":"ACTIVE","updateTime":"2026-07-07T01:34:45.258770155Z","labels":{"firebase-functions-hash":"7c5a8d58012d9d0eaf225d8d5c746784de824d40","deployment-tool":"cli-firebase","deployment-callable":"true"},"environment":"GEN_2","url":"https://asia-northeast1-enzine-schedule.cloudfunctions.net/getChatworkWeeklyReportMissingGroup","createTime":"2026-07-07T01:10:45.502569133Z","satisfiesPzi":true}]}
[info] i  extensions: ensuring required API firebaseextensions.googleapis.com is enabled... 
[debug] [2026-07-07T02:19:43.951Z] > command requires scopes: ["email","openid","https://www.googleapis.com/auth/cloudplatformprojects.readonly","https://www.googleapis.com/auth/firebase","https://www.googleapis.com/auth/cloud-platform"]
[debug] [2026-07-07T02:19:43.952Z] > authorizing via signed-in user (solidol.pt@gmail.com)
[debug] [2026-07-07T02:19:43.952Z] [iam] checking project enzine-schedule for permissions ["firebase.projects.get","firebaseextensions.instances.list"]
[debug] [2026-07-07T02:19:43.952Z] Checked if tokens are valid: true, expires at: 1783394370739
[debug] [2026-07-07T02:19:43.952Z] Checked if tokens are valid: true, expires at: 1783394370739
[debug] [2026-07-07T02:19:43.952Z] >>> [apiv2][query] POST https://cloudresourcemanager.googleapis.com/v1/projects/enzine-schedule:testIamPermissions [none]
[debug] [2026-07-07T02:19:43.952Z] >>> [apiv2][(partial)header] POST https://cloudresourcemanager.googleapis.com/v1/projects/enzine-schedule:testIamPermissions  x-goog-user-project=enzine-schedule
[debug] [2026-07-07T02:19:43.952Z] >>> [apiv2][body] POST https://cloudresourcemanager.googleapis.com/v1/projects/enzine-schedule:testIamPermissions {"permissions":["firebase.projects.get","firebaseextensions.instances.list"]}
[debug] [2026-07-07T02:19:44.101Z] <<< [apiv2][status] POST https://cloudresourcemanager.googleapis.com/v1/projects/enzine-schedule:testIamPermissions 200
[debug] [2026-07-07T02:19:44.101Z] <<< [apiv2][body] POST https://cloudresourcemanager.googleapis.com/v1/projects/enzine-schedule:testIamPermissions {"permissions":["firebase.projects.get","firebaseextensions.instances.list"]}
[debug] [2026-07-07T02:19:44.102Z] Checked if tokens are valid: true, expires at: 1783394370739
[debug] [2026-07-07T02:19:44.102Z] Checked if tokens are valid: true, expires at: 1783394370739
[debug] [2026-07-07T02:19:44.102Z] >>> [apiv2][query] GET https://firebaseextensions.googleapis.com/v1beta/projects/enzine-schedule/instances pageSize=100&pageToken=
[debug] [2026-07-07T02:19:45.063Z] <<< [apiv2][status] GET https://firebaseextensions.googleapis.com/v1beta/projects/enzine-schedule/instances 200
[debug] [2026-07-07T02:19:45.064Z] <<< [apiv2][body] GET https://firebaseextensions.googleapis.com/v1beta/projects/enzine-schedule/instances {}
[debug] [2026-07-07T02:19:45.066Z] Checked if tokens are valid: true, expires at: 1783394370739
[debug] [2026-07-07T02:19:45.066Z] Checked if tokens are valid: true, expires at: 1783394370739
[debug] [2026-07-07T02:19:45.066Z] >>> [apiv2][query] GET https://secretmanager.googleapis.com/v1/projects/enzine-schedule/secrets/CHATWORK_API_TOKEN_ENZINE_CHIBA [none]
[debug] [2026-07-07T02:19:45.359Z] <<< [apiv2][status] GET https://secretmanager.googleapis.com/v1/projects/enzine-schedule/secrets/CHATWORK_API_TOKEN_ENZINE_CHIBA 200
[debug] [2026-07-07T02:19:45.359Z] <<< [apiv2][body] GET https://secretmanager.googleapis.com/v1/projects/enzine-schedule/secrets/CHATWORK_API_TOKEN_ENZINE_CHIBA {"name":"projects/486612480549/secrets/CHATWORK_API_TOKEN_ENZINE_CHIBA","replication":{"automatic":{}},"createTime":"2026-07-07T00:38:53.680395Z","labels":{"firebase-managed":"functions"},"etag":"\"1655fa9da1ffd2\""}
[debug] [2026-07-07T02:19:45.359Z] Checked if tokens are valid: true, expires at: 1783394370739
[debug] [2026-07-07T02:19:45.359Z] Checked if tokens are valid: true, expires at: 1783394370739
[debug] [2026-07-07T02:19:45.360Z] >>> [apiv2][query] GET https://secretmanager.googleapis.com/v1/projects/enzine-schedule/secrets/CHATWORK_API_TOKEN_ENZINE_CHIBA/versions/latest [none]
[debug] [2026-07-07T02:19:45.547Z] <<< [apiv2][status] GET https://secretmanager.googleapis.com/v1/projects/enzine-schedule/secrets/CHATWORK_API_TOKEN_ENZINE_CHIBA/versions/latest 200
[debug] [2026-07-07T02:19:45.547Z] <<< [apiv2][body] GET https://secretmanager.googleapis.com/v1/projects/enzine-schedule/secrets/CHATWORK_API_TOKEN_ENZINE_CHIBA/versions/latest {"name":"projects/486612480549/secrets/CHATWORK_API_TOKEN_ENZINE_CHIBA/versions/1","createTime":"2026-07-07T00:39:09.828793Z","state":"ENABLED","replicationStatus":{"automatic":{}},"etag":"\"1655fa9e82eab9\""}
[info] i  functions: preparing functions directory for uploading... 
[info] i  functions: packaged E:\codex\dev\enzine-schedule\source\enzine-schedule\functions (43.76 KB) for uploading 
[info] i  functions: ensuring required API run.googleapis.com is enabled... 
[info] i  functions: ensuring required API eventarc.googleapis.com is enabled... 
[info] i  functions: ensuring required API pubsub.googleapis.com is enabled... 
[info] i  functions: ensuring required API storage.googleapis.com is enabled... 
[info] i  functions: generating the service identity for pubsub.googleapis.com... 
[debug] [2026-07-07T02:19:45.580Z] Checked if tokens are valid: true, expires at: 1783394370739
[debug] [2026-07-07T02:19:45.581Z] Checked if tokens are valid: true, expires at: 1783394370739
[info] i  functions: generating the service identity for eventarc.googleapis.com... 
[debug] [2026-07-07T02:19:45.581Z] Checked if tokens are valid: true, expires at: 1783394370739
[debug] [2026-07-07T02:19:45.581Z] Checked if tokens are valid: true, expires at: 1783394370739
[debug] [2026-07-07T02:19:45.581Z] >>> [apiv2][query] POST https://serviceusage.googleapis.com/v1beta1/projects/486612480549/services/pubsub.googleapis.com:generateServiceIdentity [none]
[debug] [2026-07-07T02:19:45.581Z] >>> [apiv2][(partial)header] POST https://serviceusage.googleapis.com/v1beta1/projects/486612480549/services/pubsub.googleapis.com:generateServiceIdentity  x-goog-user-project=486612480549
[debug] [2026-07-07T02:19:45.581Z] >>> [apiv2][body] POST https://serviceusage.googleapis.com/v1beta1/projects/486612480549/services/pubsub.googleapis.com:generateServiceIdentity {}
[debug] [2026-07-07T02:19:45.582Z] >>> [apiv2][query] POST https://serviceusage.googleapis.com/v1beta1/projects/486612480549/services/eventarc.googleapis.com:generateServiceIdentity [none]
[debug] [2026-07-07T02:19:45.583Z] >>> [apiv2][(partial)header] POST https://serviceusage.googleapis.com/v1beta1/projects/486612480549/services/eventarc.googleapis.com:generateServiceIdentity  x-goog-user-project=486612480549
[debug] [2026-07-07T02:19:45.583Z] >>> [apiv2][body] POST https://serviceusage.googleapis.com/v1beta1/projects/486612480549/services/eventarc.googleapis.com:generateServiceIdentity {}
[debug] [2026-07-07T02:19:47.826Z] <<< [apiv2][status] POST https://serviceusage.googleapis.com/v1beta1/projects/486612480549/services/pubsub.googleapis.com:generateServiceIdentity 200
[debug] [2026-07-07T02:19:47.826Z] <<< [apiv2][body] POST https://serviceusage.googleapis.com/v1beta1/projects/486612480549/services/pubsub.googleapis.com:generateServiceIdentity {"name":"operations/finished.DONE_OPERATION","done":true,"response":{"@type":"type.googleapis.com/google.api.serviceusage.v1beta1.ServiceIdentity","email":"service-486612480549@gcp-sa-pubsub.iam.gserviceaccount.com","uniqueId":"117361659945558871704"}}
[debug] [2026-07-07T02:19:47.826Z] <<< [apiv2][status] POST https://serviceusage.googleapis.com/v1beta1/projects/486612480549/services/eventarc.googleapis.com:generateServiceIdentity 200
[debug] [2026-07-07T02:19:47.827Z] <<< [apiv2][body] POST https://serviceusage.googleapis.com/v1beta1/projects/486612480549/services/eventarc.googleapis.com:generateServiceIdentity {"name":"operations/finished.DONE_OPERATION","done":true,"response":{"@type":"type.googleapis.com/google.api.serviceusage.v1beta1.ServiceIdentity","email":"service-486612480549@gcp-sa-eventarc.iam.gserviceaccount.com","uniqueId":"113152938153538887432"}}
[info] i  functions: ensuring required API secretmanager.googleapis.com is enabled... 
[debug] [2026-07-07T02:19:47.829Z] Checked if tokens are valid: true, expires at: 1783394370739
[debug] [2026-07-07T02:19:47.829Z] Checked if tokens are valid: true, expires at: 1783394370739
[debug] [2026-07-07T02:19:47.829Z] >>> [apiv2][query] GET https://secretmanager.googleapis.com/v1/projects/enzine-schedule/secrets/CHATWORK_API_TOKEN_ENZINE_CHIBA/versions/latest [none]
[debug] [2026-07-07T02:19:48.021Z] <<< [apiv2][status] GET https://secretmanager.googleapis.com/v1/projects/enzine-schedule/secrets/CHATWORK_API_TOKEN_ENZINE_CHIBA/versions/latest 200
[debug] [2026-07-07T02:19:48.021Z] <<< [apiv2][body] GET https://secretmanager.googleapis.com/v1/projects/enzine-schedule/secrets/CHATWORK_API_TOKEN_ENZINE_CHIBA/versions/latest {"name":"projects/486612480549/secrets/CHATWORK_API_TOKEN_ENZINE_CHIBA/versions/1","createTime":"2026-07-07T00:39:09.828793Z","state":"ENABLED","replicationStatus":{"automatic":{}},"etag":"\"1655fa9e82eab9\""}
[debug] [2026-07-07T02:19:48.022Z] Resolved secret version of CHATWORK_API_TOKEN_ENZINE_CHIBA to 1.
[debug] [2026-07-07T02:19:48.023Z] Checked if tokens are valid: true, expires at: 1783394370739
[debug] [2026-07-07T02:19:48.023Z] Checked if tokens are valid: true, expires at: 1783394370739
[debug] [2026-07-07T02:19:48.023Z] >>> [apiv2][query] GET https://cloudresourcemanager.googleapis.com/v1/projects/enzine-schedule [none]
[debug] [2026-07-07T02:19:48.198Z] <<< [apiv2][status] GET https://cloudresourcemanager.googleapis.com/v1/projects/enzine-schedule 200
[debug] [2026-07-07T02:19:48.199Z] <<< [apiv2][body] GET https://cloudresourcemanager.googleapis.com/v1/projects/enzine-schedule {"projectNumber":"486612480549","projectId":"enzine-schedule","lifecycleState":"ACTIVE","name":"enzine-schedule","labels":{"firebase":"enabled","firebase-core":"disabled"},"createTime":"2026-05-06T09:23:19.080Z"}
[debug] [2026-07-07T02:19:48.199Z] Checked if tokens are valid: true, expires at: 1783394370739
[debug] [2026-07-07T02:19:48.199Z] Checked if tokens are valid: true, expires at: 1783394370739
[debug] [2026-07-07T02:19:48.199Z] >>> [apiv2][query] GET https://compute.googleapis.com/compute/v1/projects/486612480549 [none]
[debug] [2026-07-07T02:19:48.556Z] <<< [apiv2][status] GET https://compute.googleapis.com/compute/v1/projects/486612480549 403
[debug] [2026-07-07T02:19:48.556Z] <<< [apiv2][body] GET https://compute.googleapis.com/compute/v1/projects/486612480549 {"error":{"code":403,"message":"Compute Engine API has not been used in project 486612480549 before or it is disabled. Enable it by visiting https://console.developers.google.com/apis/api/compute.googleapis.com/overview?project=486612480549 then retry. If you enabled this API recently, wait a few minutes for the action to propagate to our systems and retry.","errors":[{"message":"Compute Engine API has not been used in project 486612480549 before or it is disabled. Enable it by visiting https://console.developers.google.com/apis/api/compute.googleapis.com/overview?project=486612480549 then retry. If you enabled this API recently, wait a few minutes for the action to propagate to our systems and retry.","domain":"usageLimits","reason":"accessNotConfigured","extendedHelp":"https://console.developers.google.com"}],"status":"PERMISSION_DENIED","details":[{"@type":"type.googleapis.com/google.rpc.ErrorInfo","reason":"SERVICE_DISABLED","domain":"googleapis.com","metadata":{"service":"compute.googleapis.com","activationUrl":"https://console.developers.google.com/apis/api/compute.googleapis.com/overview?project=486612480549","consumer":"projects/486612480549","containerInfo":"486612480549","serviceTitle":"Compute Engine API"}},{"@type":"type.googleapis.com/google.rpc.LocalizedMessage","locale":"en-US","message":"Compute Engine API has not been used in project 486612480549 before or it is disabled. Enable it by visiting https://console.developers.google.com/apis/api/compute.googleapis.com/overview?project=486612480549 then retry. If you enabled this API recently, wait a few minutes for the action to propagate to our systems and retry."},{"@type":"type.googleapis.com/google.rpc.Help","links":[{"description":"Google developers console API activation","url":"https://console.developers.google.com/apis/api/compute.googleapis.com/overview?project=486612480549"}]}]}}
[debug] [2026-07-07T02:19:48.556Z] unable to look up default compute service account. Falling back to 486612480549-compute@developer.gserviceaccount.com. Error: {"name":"FirebaseError","children":[],"context":{"body":{"error":{"code":403,"message":"Compute Engine API has not been used in project 486612480549 before or it is disabled. Enable it by visiting https://console.developers.google.com/apis/api/compute.googleapis.com/overview?project=486612480549 then retry. If you enabled this API recently, wait a few minutes for the action to propagate to our systems and retry.","errors":[{"message":"Compute Engine API has not been used in project 486612480549 before or it is disabled. Enable it by visiting https://console.developers.google.com/apis/api/compute.googleapis.com/overview?project=486612480549 then retry. If you enabled this API recently, wait a few minutes for the action to propagate to our systems and retry.","domain":"usageLimits","reason":"accessNotConfigured","extendedHelp":"https://console.developers.google.com"}],"status":"PERMISSION_DENIED","details":[{"@type":"type.googleapis.com/google.rpc.ErrorInfo","reason":"SERVICE_DISABLED","domain":"googleapis.com","metadata":{"service":"compute.googleapis.com","activationUrl":"https://console.developers.google.com/apis/api/compute.googleapis.com/overview?project=486612480549","consumer":"projects/486612480549","containerInfo":"486612480549","serviceTitle":"Compute Engine API"}},{"@type":"type.googleapis.com/google.rpc.LocalizedMessage","locale":"en-US","message":"Compute Engine API has not been used in project 486612480549 before or it is disabled. Enable it by visiting https://console.developers.google.com/apis/api/compute.googleapis.com/overview?project=486612480549 then retry. If you enabled this API recently, wait a few minutes for the action to propagate to our systems and retry."},{"@type":"type.googleapis.com/google.rpc.Help","links":[{"description":"Google developers console API activation","url":"https://console.developers.google.com/apis/api/compute.googleapis.com/overview?project=486612480549"}]}]}},"response":{"statusCode":403}},"exit":1,"message":"Request to https://compute.googleapis.com/compute/v1/projects/486612480549 had HTTP Error: 403, Compute Engine API has not been used in project 486612480549 before or it is disabled. Enable it by visiting https://console.developers.google.com/apis/api/compute.googleapis.com/overview?project=486612480549 then retry. If you enabled this API recently, wait a few minutes for the action to propagate to our systems and retry.","status":403}
[debug] [2026-07-07T02:19:48.557Z] Checked if tokens are valid: true, expires at: 1783394370739
[debug] [2026-07-07T02:19:48.557Z] Checked if tokens are valid: true, expires at: 1783394370739
[debug] [2026-07-07T02:19:48.557Z] >>> [apiv2][query] GET https://compute.googleapis.com/compute/v1/projects/486612480549 [none]
[debug] [2026-07-07T02:19:48.816Z] <<< [apiv2][status] GET https://compute.googleapis.com/compute/v1/projects/486612480549 403
[debug] [2026-07-07T02:19:48.816Z] <<< [apiv2][body] GET https://compute.googleapis.com/compute/v1/projects/486612480549 {"error":{"code":403,"message":"Compute Engine API has not been used in project 486612480549 before or it is disabled. Enable it by visiting https://console.developers.google.com/apis/api/compute.googleapis.com/overview?project=486612480549 then retry. If you enabled this API recently, wait a few minutes for the action to propagate to our systems and retry.","errors":[{"message":"Compute Engine API has not been used in project 486612480549 before or it is disabled. Enable it by visiting https://console.developers.google.com/apis/api/compute.googleapis.com/overview?project=486612480549 then retry. If you enabled this API recently, wait a few minutes for the action to propagate to our systems and retry.","domain":"usageLimits","reason":"accessNotConfigured","extendedHelp":"https://console.developers.google.com"}],"status":"PERMISSION_DENIED","details":[{"@type":"type.googleapis.com/google.rpc.ErrorInfo","reason":"SERVICE_DISABLED","domain":"googleapis.com","metadata":{"consumer":"projects/486612480549","activationUrl":"https://console.developers.google.com/apis/api/compute.googleapis.com/overview?project=486612480549","containerInfo":"486612480549","serviceTitle":"Compute Engine API","service":"compute.googleapis.com"}},{"@type":"type.googleapis.com/google.rpc.LocalizedMessage","locale":"en-US","message":"Compute Engine API has not been used in project 486612480549 before or it is disabled. Enable it by visiting https://console.developers.google.com/apis/api/compute.googleapis.com/overview?project=486612480549 then retry. If you enabled this API recently, wait a few minutes for the action to propagate to our systems and retry."},{"@type":"type.googleapis.com/google.rpc.Help","links":[{"description":"Google developers console API activation","url":"https://console.developers.google.com/apis/api/compute.googleapis.com/overview?project=486612480549"}]}]}}
[debug] [2026-07-07T02:19:48.816Z] unable to look up default compute service account. Falling back to 486612480549-compute@developer.gserviceaccount.com. Error: {"name":"FirebaseError","children":[],"context":{"body":{"error":{"code":403,"message":"Compute Engine API has not been used in project 486612480549 before or it is disabled. Enable it by visiting https://console.developers.google.com/apis/api/compute.googleapis.com/overview?project=486612480549 then retry. If you enabled this API recently, wait a few minutes for the action to propagate to our systems and retry.","errors":[{"message":"Compute Engine API has not been used in project 486612480549 before or it is disabled. Enable it by visiting https://console.developers.google.com/apis/api/compute.googleapis.com/overview?project=486612480549 then retry. If you enabled this API recently, wait a few minutes for the action to propagate to our systems and retry.","domain":"usageLimits","reason":"accessNotConfigured","extendedHelp":"https://console.developers.google.com"}],"status":"PERMISSION_DENIED","details":[{"@type":"type.googleapis.com/google.rpc.ErrorInfo","reason":"SERVICE_DISABLED","domain":"googleapis.com","metadata":{"consumer":"projects/486612480549","activationUrl":"https://console.developers.google.com/apis/api/compute.googleapis.com/overview?project=486612480549","containerInfo":"486612480549","serviceTitle":"Compute Engine API","service":"compute.googleapis.com"}},{"@type":"type.googleapis.com/google.rpc.LocalizedMessage","locale":"en-US","message":"Compute Engine API has not been used in project 486612480549 before or it is disabled. Enable it by visiting https://console.developers.google.com/apis/api/compute.googleapis.com/overview?project=486612480549 then retry. If you enabled this API recently, wait a few minutes for the action to propagate to our systems and retry."},{"@type":"type.googleapis.com/google.rpc.Help","links":[{"description":"Google developers console API activation","url":"https://console.developers.google.com/apis/api/compute.googleapis.com/overview?project=486612480549"}]}]}},"response":{"statusCode":403}},"exit":1,"message":"Request to https://compute.googleapis.com/compute/v1/projects/486612480549 had HTTP Error: 403, Compute Engine API has not been used in project 486612480549 before or it is disabled. Enable it by visiting https://console.developers.google.com/apis/api/compute.googleapis.com/overview?project=486612480549 then retry. If you enabled this API recently, wait a few minutes for the action to propagate to our systems and retry.","status":403}
[debug] [2026-07-07T02:19:48.816Z] Checked if tokens are valid: true, expires at: 1783394370739
[debug] [2026-07-07T02:19:48.816Z] Checked if tokens are valid: true, expires at: 1783394370739
[debug] [2026-07-07T02:19:48.816Z] >>> [apiv2][query] GET https://compute.googleapis.com/compute/v1/projects/486612480549 [none]
[debug] [2026-07-07T02:19:49.061Z] <<< [apiv2][status] GET https://compute.googleapis.com/compute/v1/projects/486612480549 403
[debug] [2026-07-07T02:19:49.061Z] <<< [apiv2][body] GET https://compute.googleapis.com/compute/v1/projects/486612480549 {"error":{"code":403,"message":"Compute Engine API has not been used in project 486612480549 before or it is disabled. Enable it by visiting https://console.developers.google.com/apis/api/compute.googleapis.com/overview?project=486612480549 then retry. If you enabled this API recently, wait a few minutes for the action to propagate to our systems and retry.","errors":[{"message":"Compute Engine API has not been used in project 486612480549 before or it is disabled. Enable it by visiting https://console.developers.google.com/apis/api/compute.googleapis.com/overview?project=486612480549 then retry. If you enabled this API recently, wait a few minutes for the action to propagate to our systems and retry.","domain":"usageLimits","reason":"accessNotConfigured","extendedHelp":"https://console.developers.google.com"}],"status":"PERMISSION_DENIED","details":[{"@type":"type.googleapis.com/google.rpc.ErrorInfo","reason":"SERVICE_DISABLED","domain":"googleapis.com","metadata":{"activationUrl":"https://console.developers.google.com/apis/api/compute.googleapis.com/overview?project=486612480549","serviceTitle":"Compute Engine API","service":"compute.googleapis.com","containerInfo":"486612480549","consumer":"projects/486612480549"}},{"@type":"type.googleapis.com/google.rpc.LocalizedMessage","locale":"en-US","message":"Compute Engine API has not been used in project 486612480549 before or it is disabled. Enable it by visiting https://console.developers.google.com/apis/api/compute.googleapis.com/overview?project=486612480549 then retry. If you enabled this API recently, wait a few minutes for the action to propagate to our systems and retry."},{"@type":"type.googleapis.com/google.rpc.Help","links":[{"description":"Google developers console API activation","url":"https://console.developers.google.com/apis/api/compute.googleapis.com/overview?project=486612480549"}]}]}}
[debug] [2026-07-07T02:19:49.061Z] unable to look up default compute service account. Falling back to 486612480549-compute@developer.gserviceaccount.com. Error: {"name":"FirebaseError","children":[],"context":{"body":{"error":{"code":403,"message":"Compute Engine API has not been used in project 486612480549 before or it is disabled. Enable it by visiting https://console.developers.google.com/apis/api/compute.googleapis.com/overview?project=486612480549 then retry. If you enabled this API recently, wait a few minutes for the action to propagate to our systems and retry.","errors":[{"message":"Compute Engine API has not been used in project 486612480549 before or it is disabled. Enable it by visiting https://console.developers.google.com/apis/api/compute.googleapis.com/overview?project=486612480549 then retry. If you enabled this API recently, wait a few minutes for the action to propagate to our systems and retry.","domain":"usageLimits","reason":"accessNotConfigured","extendedHelp":"https://console.developers.google.com"}],"status":"PERMISSION_DENIED","details":[{"@type":"type.googleapis.com/google.rpc.ErrorInfo","reason":"SERVICE_DISABLED","domain":"googleapis.com","metadata":{"activationUrl":"https://console.developers.google.com/apis/api/compute.googleapis.com/overview?project=486612480549","serviceTitle":"Compute Engine API","service":"compute.googleapis.com","containerInfo":"486612480549","consumer":"projects/486612480549"}},{"@type":"type.googleapis.com/google.rpc.LocalizedMessage","locale":"en-US","message":"Compute Engine API has not been used in project 486612480549 before or it is disabled. Enable it by visiting https://console.developers.google.com/apis/api/compute.googleapis.com/overview?project=486612480549 then retry. If you enabled this API recently, wait a few minutes for the action to propagate to our systems and retry."},{"@type":"type.googleapis.com/google.rpc.Help","links":[{"description":"Google developers console API activation","url":"https://console.developers.google.com/apis/api/compute.googleapis.com/overview?project=486612480549"}]}]}},"response":{"statusCode":403}},"exit":1,"message":"Request to https://compute.googleapis.com/compute/v1/projects/486612480549 had HTTP Error: 403, Compute Engine API has not been used in project 486612480549 before or it is disabled. Enable it by visiting https://console.developers.google.com/apis/api/compute.googleapis.com/overview?project=486612480549 then retry. If you enabled this API recently, wait a few minutes for the action to propagate to our systems and retry.","status":403}
[debug] [2026-07-07T02:19:49.062Z] Checked if tokens are valid: true, expires at: 1783394370739
[debug] [2026-07-07T02:19:49.062Z] Checked if tokens are valid: true, expires at: 1783394370739
[debug] [2026-07-07T02:19:49.062Z] >>> [apiv2][query] GET https://compute.googleapis.com/compute/v1/projects/486612480549 [none]
[debug] [2026-07-07T02:19:49.344Z] <<< [apiv2][status] GET https://compute.googleapis.com/compute/v1/projects/486612480549 403
[debug] [2026-07-07T02:19:49.344Z] <<< [apiv2][body] GET https://compute.googleapis.com/compute/v1/projects/486612480549 {"error":{"code":403,"message":"Compute Engine API has not been used in project 486612480549 before or it is disabled. Enable it by visiting https://console.developers.google.com/apis/api/compute.googleapis.com/overview?project=486612480549 then retry. If you enabled this API recently, wait a few minutes for the action to propagate to our systems and retry.","errors":[{"message":"Compute Engine API has not been used in project 486612480549 before or it is disabled. Enable it by visiting https://console.developers.google.com/apis/api/compute.googleapis.com/overview?project=486612480549 then retry. If you enabled this API recently, wait a few minutes for the action to propagate to our systems and retry.","domain":"usageLimits","reason":"accessNotConfigured","extendedHelp":"https://console.developers.google.com"}],"status":"PERMISSION_DENIED","details":[{"@type":"type.googleapis.com/google.rpc.ErrorInfo","reason":"SERVICE_DISABLED","domain":"googleapis.com","metadata":{"activationUrl":"https://console.developers.google.com/apis/api/compute.googleapis.com/overview?project=486612480549","consumer":"projects/486612480549","service":"compute.googleapis.com","serviceTitle":"Compute Engine API","containerInfo":"486612480549"}},{"@type":"type.googleapis.com/google.rpc.LocalizedMessage","locale":"en-US","message":"Compute Engine API has not been used in project 486612480549 before or it is disabled. Enable it by visiting https://console.developers.google.com/apis/api/compute.googleapis.com/overview?project=486612480549 then retry. If you enabled this API recently, wait a few minutes for the action to propagate to our systems and retry."},{"@type":"type.googleapis.com/google.rpc.Help","links":[{"description":"Google developers console API activation","url":"https://console.developers.google.com/apis/api/compute.googleapis.com/overview?project=486612480549"}]}]}}
[debug] [2026-07-07T02:19:49.344Z] unable to look up default compute service account. Falling back to 486612480549-compute@developer.gserviceaccount.com. Error: {"name":"FirebaseError","children":[],"context":{"body":{"error":{"code":403,"message":"Compute Engine API has not been used in project 486612480549 before or it is disabled. Enable it by visiting https://console.developers.google.com/apis/api/compute.googleapis.com/overview?project=486612480549 then retry. If you enabled this API recently, wait a few minutes for the action to propagate to our systems and retry.","errors":[{"message":"Compute Engine API has not been used in project 486612480549 before or it is disabled. Enable it by visiting https://console.developers.google.com/apis/api/compute.googleapis.com/overview?project=486612480549 then retry. If you enabled this API recently, wait a few minutes for the action to propagate to our systems and retry.","domain":"usageLimits","reason":"accessNotConfigured","extendedHelp":"https://console.developers.google.com"}],"status":"PERMISSION_DENIED","details":[{"@type":"type.googleapis.com/google.rpc.ErrorInfo","reason":"SERVICE_DISABLED","domain":"googleapis.com","metadata":{"activationUrl":"https://console.developers.google.com/apis/api/compute.googleapis.com/overview?project=486612480549","consumer":"projects/486612480549","service":"compute.googleapis.com","serviceTitle":"Compute Engine API","containerInfo":"486612480549"}},{"@type":"type.googleapis.com/google.rpc.LocalizedMessage","locale":"en-US","message":"Compute Engine API has not been used in project 486612480549 before or it is disabled. Enable it by visiting https://console.developers.google.com/apis/api/compute.googleapis.com/overview?project=486612480549 then retry. If you enabled this API recently, wait a few minutes for the action to propagate to our systems and retry."},{"@type":"type.googleapis.com/google.rpc.Help","links":[{"description":"Google developers console API activation","url":"https://console.developers.google.com/apis/api/compute.googleapis.com/overview?project=486612480549"}]}]}},"response":{"statusCode":403}},"exit":1,"message":"Request to https://compute.googleapis.com/compute/v1/projects/486612480549 had HTTP Error: 403, Compute Engine API has not been used in project 486612480549 before or it is disabled. Enable it by visiting https://console.developers.google.com/apis/api/compute.googleapis.com/overview?project=486612480549 then retry. If you enabled this API recently, wait a few minutes for the action to propagate to our systems and retry.","status":403}
[debug] [2026-07-07T02:19:49.344Z] Checked if tokens are valid: true, expires at: 1783394370739
[debug] [2026-07-07T02:19:49.345Z] Checked if tokens are valid: true, expires at: 1783394370739
[debug] [2026-07-07T02:19:49.345Z] >>> [apiv2][query] GET https://compute.googleapis.com/compute/v1/projects/486612480549 [none]
[debug] [2026-07-07T02:19:49.627Z] <<< [apiv2][status] GET https://compute.googleapis.com/compute/v1/projects/486612480549 403
[debug] [2026-07-07T02:19:49.627Z] <<< [apiv2][body] GET https://compute.googleapis.com/compute/v1/projects/486612480549 {"error":{"code":403,"message":"Compute Engine API has not been used in project 486612480549 before or it is disabled. Enable it by visiting https://console.developers.google.com/apis/api/compute.googleapis.com/overview?project=486612480549 then retry. If you enabled this API recently, wait a few minutes for the action to propagate to our systems and retry.","errors":[{"message":"Compute Engine API has not been used in project 486612480549 before or it is disabled. Enable it by visiting https://console.developers.google.com/apis/api/compute.googleapis.com/overview?project=486612480549 then retry. If you enabled this API recently, wait a few minutes for the action to propagate to our systems and retry.","domain":"usageLimits","reason":"accessNotConfigured","extendedHelp":"https://console.developers.google.com"}],"status":"PERMISSION_DENIED","details":[{"@type":"type.googleapis.com/google.rpc.ErrorInfo","reason":"SERVICE_DISABLED","domain":"googleapis.com","metadata":{"containerInfo":"486612480549","service":"compute.googleapis.com","consumer":"projects/486612480549","activationUrl":"https://console.developers.google.com/apis/api/compute.googleapis.com/overview?project=486612480549","serviceTitle":"Compute Engine API"}},{"@type":"type.googleapis.com/google.rpc.LocalizedMessage","locale":"en-US","message":"Compute Engine API has not been used in project 486612480549 before or it is disabled. Enable it by visiting https://console.developers.google.com/apis/api/compute.googleapis.com/overview?project=486612480549 then retry. If you enabled this API recently, wait a few minutes for the action to propagate to our systems and retry."},{"@type":"type.googleapis.com/google.rpc.Help","links":[{"description":"Google developers console API activation","url":"https://console.developers.google.com/apis/api/compute.googleapis.com/overview?project=486612480549"}]}]}}
[debug] [2026-07-07T02:19:49.627Z] unable to look up default compute service account. Falling back to 486612480549-compute@developer.gserviceaccount.com. Error: {"name":"FirebaseError","children":[],"context":{"body":{"error":{"code":403,"message":"Compute Engine API has not been used in project 486612480549 before or it is disabled. Enable it by visiting https://console.developers.google.com/apis/api/compute.googleapis.com/overview?project=486612480549 then retry. If you enabled this API recently, wait a few minutes for the action to propagate to our systems and retry.","errors":[{"message":"Compute Engine API has not been used in project 486612480549 before or it is disabled. Enable it by visiting https://console.developers.google.com/apis/api/compute.googleapis.com/overview?project=486612480549 then retry. If you enabled this API recently, wait a few minutes for the action to propagate to our systems and retry.","domain":"usageLimits","reason":"accessNotConfigured","extendedHelp":"https://console.developers.google.com"}],"status":"PERMISSION_DENIED","details":[{"@type":"type.googleapis.com/google.rpc.ErrorInfo","reason":"SERVICE_DISABLED","domain":"googleapis.com","metadata":{"containerInfo":"486612480549","service":"compute.googleapis.com","consumer":"projects/486612480549","activationUrl":"https://console.developers.google.com/apis/api/compute.googleapis.com/overview?project=486612480549","serviceTitle":"Compute Engine API"}},{"@type":"type.googleapis.com/google.rpc.LocalizedMessage","locale":"en-US","message":"Compute Engine API has not been used in project 486612480549 before or it is disabled. Enable it by visiting https://console.developers.google.com/apis/api/compute.googleapis.com/overview?project=486612480549 then retry. If you enabled this API recently, wait a few minutes for the action to propagate to our systems and retry."},{"@type":"type.googleapis.com/google.rpc.Help","links":[{"description":"Google developers console API activation","url":"https://console.developers.google.com/apis/api/compute.googleapis.com/overview?project=486612480549"}]}]}},"response":{"statusCode":403}},"exit":1,"message":"Request to https://compute.googleapis.com/compute/v1/projects/486612480549 had HTTP Error: 403, Compute Engine API has not been used in project 486612480549 before or it is disabled. Enable it by visiting https://console.developers.google.com/apis/api/compute.googleapis.com/overview?project=486612480549 then retry. If you enabled this API recently, wait a few minutes for the action to propagate to our systems and retry.","status":403}
[debug] [2026-07-07T02:19:49.627Z] Checked if tokens are valid: true, expires at: 1783394370739
[debug] [2026-07-07T02:19:49.627Z] Checked if tokens are valid: true, expires at: 1783394370739
[debug] [2026-07-07T02:19:49.627Z] >>> [apiv2][query] GET https://compute.googleapis.com/compute/v1/projects/486612480549 [none]
[debug] [2026-07-07T02:19:49.879Z] <<< [apiv2][status] GET https://compute.googleapis.com/compute/v1/projects/486612480549 403
[debug] [2026-07-07T02:19:49.879Z] <<< [apiv2][body] GET https://compute.googleapis.com/compute/v1/projects/486612480549 {"error":{"code":403,"message":"Compute Engine API has not been used in project 486612480549 before or it is disabled. Enable it by visiting https://console.developers.google.com/apis/api/compute.googleapis.com/overview?project=486612480549 then retry. If you enabled this API recently, wait a few minutes for the action to propagate to our systems and retry.","errors":[{"message":"Compute Engine API has not been used in project 486612480549 before or it is disabled. Enable it by visiting https://console.developers.google.com/apis/api/compute.googleapis.com/overview?project=486612480549 then retry. If you enabled this API recently, wait a few minutes for the action to propagate to our systems and retry.","domain":"usageLimits","reason":"accessNotConfigured","extendedHelp":"https://console.developers.google.com"}],"status":"PERMISSION_DENIED","details":[{"@type":"type.googleapis.com/google.rpc.ErrorInfo","reason":"SERVICE_DISABLED","domain":"googleapis.com","metadata":{"service":"compute.googleapis.com","containerInfo":"486612480549","serviceTitle":"Compute Engine API","activationUrl":"https://console.developers.google.com/apis/api/compute.googleapis.com/overview?project=486612480549","consumer":"projects/486612480549"}},{"@type":"type.googleapis.com/google.rpc.LocalizedMessage","locale":"en-US","message":"Compute Engine API has not been used in project 486612480549 before or it is disabled. Enable it by visiting https://console.developers.google.com/apis/api/compute.googleapis.com/overview?project=486612480549 then retry. If you enabled this API recently, wait a few minutes for the action to propagate to our systems and retry."},{"@type":"type.googleapis.com/google.rpc.Help","links":[{"description":"Google developers console API activation","url":"https://console.developers.google.com/apis/api/compute.googleapis.com/overview?project=486612480549"}]}]}}
[debug] [2026-07-07T02:19:49.879Z] unable to look up default compute service account. Falling back to 486612480549-compute@developer.gserviceaccount.com. Error: {"name":"FirebaseError","children":[],"context":{"body":{"error":{"code":403,"message":"Compute Engine API has not been used in project 486612480549 before or it is disabled. Enable it by visiting https://console.developers.google.com/apis/api/compute.googleapis.com/overview?project=486612480549 then retry. If you enabled this API recently, wait a few minutes for the action to propagate to our systems and retry.","errors":[{"message":"Compute Engine API has not been used in project 486612480549 before or it is disabled. Enable it by visiting https://console.developers.google.com/apis/api/compute.googleapis.com/overview?project=486612480549 then retry. If you enabled this API recently, wait a few minutes for the action to propagate to our systems and retry.","domain":"usageLimits","reason":"accessNotConfigured","extendedHelp":"https://console.developers.google.com"}],"status":"PERMISSION_DENIED","details":[{"@type":"type.googleapis.com/google.rpc.ErrorInfo","reason":"SERVICE_DISABLED","domain":"googleapis.com","metadata":{"service":"compute.googleapis.com","containerInfo":"486612480549","serviceTitle":"Compute Engine API","activationUrl":"https://console.developers.google.com/apis/api/compute.googleapis.com/overview?project=486612480549","consumer":"projects/486612480549"}},{"@type":"type.googleapis.com/google.rpc.LocalizedMessage","locale":"en-US","message":"Compute Engine API has not been used in project 486612480549 before or it is disabled. Enable it by visiting https://console.developers.google.com/apis/api/compute.googleapis.com/overview?project=486612480549 then retry. If you enabled this API recently, wait a few minutes for the action to propagate to our systems and retry."},{"@type":"type.googleapis.com/google.rpc.Help","links":[{"description":"Google developers console API activation","url":"https://console.developers.google.com/apis/api/compute.googleapis.com/overview?project=486612480549"}]}]}},"response":{"statusCode":403}},"exit":1,"message":"Request to https://compute.googleapis.com/compute/v1/projects/486612480549 had HTTP Error: 403, Compute Engine API has not been used in project 486612480549 before or it is disabled. Enable it by visiting https://console.developers.google.com/apis/api/compute.googleapis.com/overview?project=486612480549 then retry. If you enabled this API recently, wait a few minutes for the action to propagate to our systems and retry.","status":403}
[debug] [2026-07-07T02:19:49.881Z] Checked if tokens are valid: true, expires at: 1783394370739
[debug] [2026-07-07T02:19:49.881Z] Checked if tokens are valid: true, expires at: 1783394370739
[debug] [2026-07-07T02:19:49.881Z] >>> [apiv2][query] GET https://firebasehosting.googleapis.com/v1beta1/projects/enzine-schedule/sites/enzine-schedule [none]
[debug] [2026-07-07T02:19:50.856Z] <<< [apiv2][status] GET https://firebasehosting.googleapis.com/v1beta1/projects/enzine-schedule/sites/enzine-schedule 200
[debug] [2026-07-07T02:19:50.856Z] <<< [apiv2][body] GET https://firebasehosting.googleapis.com/v1beta1/projects/enzine-schedule/sites/enzine-schedule {"name":"projects/enzine-schedule/sites/enzine-schedule","defaultUrl":"https://enzine-schedule.web.app","type":"DEFAULT_SITE"}
[debug] [2026-07-07T02:19:50.859Z] Checked if tokens are valid: true, expires at: 1783394370739
[debug] [2026-07-07T02:19:50.859Z] Checked if tokens are valid: true, expires at: 1783394370739
[debug] [2026-07-07T02:19:50.859Z] >>> [apiv2][query] POST https://firebasehosting.googleapis.com/v1beta1/projects/-/sites/enzine-schedule/versions [none]
[debug] [2026-07-07T02:19:50.859Z] >>> [apiv2][body] POST https://firebasehosting.googleapis.com/v1beta1/projects/-/sites/enzine-schedule/versions {"status":"CREATED","labels":{"deployment-tool":"cli-firebase"}}
[debug] [2026-07-07T02:19:52.128Z] <<< [apiv2][status] POST https://firebasehosting.googleapis.com/v1beta1/projects/-/sites/enzine-schedule/versions 200
[debug] [2026-07-07T02:19:52.128Z] <<< [apiv2][body] POST https://firebasehosting.googleapis.com/v1beta1/projects/-/sites/enzine-schedule/versions {"name":"projects/486612480549/sites/enzine-schedule/versions/ac88b90cdda0b4f3","status":"CREATED","config":{},"labels":{"deployment-tool":"cli-firebase"}}
[debug] [2026-07-07T02:19:52.129Z] Checked if tokens are valid: true, expires at: 1783394370739
[debug] [2026-07-07T02:19:52.129Z] Checked if tokens are valid: true, expires at: 1783394370739
[debug] [2026-07-07T02:19:52.130Z] >>> [apiv2][query] GET https://cloudbilling.googleapis.com/v1/projects/enzine-schedule/billingInfo [none]
[debug] [2026-07-07T02:19:52.130Z] >>> [apiv2][(partial)header] GET https://cloudbilling.googleapis.com/v1/projects/enzine-schedule/billingInfo  x-goog-user-project=enzine-schedule
[debug] [2026-07-07T02:19:52.466Z] <<< [apiv2][status] GET https://cloudbilling.googleapis.com/v1/projects/enzine-schedule/billingInfo 200
[debug] [2026-07-07T02:19:52.466Z] <<< [apiv2][body] GET https://cloudbilling.googleapis.com/v1/projects/enzine-schedule/billingInfo {"name":"projects/enzine-schedule/billingInfo","projectId":"enzine-schedule","billingAccountName":"billingAccounts/01D364-E27A0B-5B02C0","billingEnabled":true}
[debug] [2026-07-07T02:19:52.468Z] Checked if tokens are valid: true, expires at: 1783394370739
[debug] [2026-07-07T02:19:52.468Z] Checked if tokens are valid: true, expires at: 1783394370739
[debug] [2026-07-07T02:19:52.468Z] >>> [apiv2][query] POST https://cloudfunctions.googleapis.com/v2/projects/enzine-schedule/locations/asia-northeast1/functions:generateUploadUrl [none]
[debug] [2026-07-07T02:19:52.802Z] <<< [apiv2][status] POST https://cloudfunctions.googleapis.com/v2/projects/enzine-schedule/locations/asia-northeast1/functions:generateUploadUrl 200
[debug] [2026-07-07T02:19:52.802Z] <<< [apiv2][body] POST https://cloudfunctions.googleapis.com/v2/projects/enzine-schedule/locations/asia-northeast1/functions:generateUploadUrl {"uploadUrl":"https://storage.googleapis.com/gcf-v2-uploads-486612480549.asia-northeast1.cloudfunctions.appspot.com/63db2871-70c1-4bb4-bc38-8224b91a8fb8.zip?GoogleAccessId=service-486612480549@gcf-admin-robot.iam.gserviceaccount.com&Expires=1783392592&Signature=wc3LsYntzpQ1MVt5hPB9%2B6qwb1LOVJ3r1d0ghC2F1pbEcFQ650AejtS3CoWk9fZCLhIEQ61mLyUslSMucUich9WXXt1Z8KlhCSHwDPx0aPlde%2B0R6GnhwOQUkRCL2vUJRihWTgF3sstyfF7KyeE0gOF6dZ84v%2BcBDHHLeKMJJ8h%2BeXcB6ut%2B9PrLl7Pmoo%2BYZM3IYsCaqNcMui2k7OGOLc0qvXK7V%2BZtozJjOuZdYsNPBsVfBcIDvWYg2ehQVmVhIcuGqoYlTazpD%2BqxLJGqElkR408YpKuZ4hco7%2F8fdVBha3AhMXVUL1MxA%2F4axUGh6yv4w7pkeejr4olbGXRzkw%3D%3D","storageSource":{"bucket":"gcf-v2-uploads-486612480549.asia-northeast1.cloudfunctions.appspot.com","object":"63db2871-70c1-4bb4-bc38-8224b91a8fb8.zip"}}
[debug] [2026-07-07T02:19:52.803Z] >>> [apiv2][query] PUT https://storage.googleapis.com/gcf-v2-uploads-486612480549.asia-northeast1.cloudfunctions.appspot.com/63db2871-70c1-4bb4-bc38-8224b91a8fb8.zip GoogleAccessId=service-486612480549%40gcf-admin-robot.iam.gserviceaccount.com&Expires=1783392592&Signature=wc3LsYntzpQ1MVt5hPB9%2B6qwb1LOVJ3r1d0ghC2F1pbEcFQ650AejtS3CoWk9fZCLhIEQ61mLyUslSMucUich9WXXt1Z8KlhCSHwDPx0aPlde%2B0R6GnhwOQUkRCL2vUJRihWTgF3sstyfF7KyeE0gOF6dZ84v%2BcBDHHLeKMJJ8h%2BeXcB6ut%2B9PrLl7Pmoo%2BYZM3IYsCaqNcMui2k7OGOLc0qvXK7V%2BZtozJjOuZdYsNPBsVfBcIDvWYg2ehQVmVhIcuGqoYlTazpD%2BqxLJGqElkR408YpKuZ4hco7%2F8fdVBha3AhMXVUL1MxA%2F4axUGh6yv4w7pkeejr4olbGXRzkw%3D%3D
[debug] [2026-07-07T02:19:52.803Z] >>> [apiv2][body] PUT https://storage.googleapis.com/gcf-v2-uploads-486612480549.asia-northeast1.cloudfunctions.appspot.com/63db2871-70c1-4bb4-bc38-8224b91a8fb8.zip [stream]
[debug] [2026-07-07T02:19:53.080Z] <<< [apiv2][status] PUT https://storage.googleapis.com/gcf-v2-uploads-486612480549.asia-northeast1.cloudfunctions.appspot.com/63db2871-70c1-4bb4-bc38-8224b91a8fb8.zip 200
[debug] [2026-07-07T02:19:53.080Z] <<< [apiv2][body] PUT https://storage.googleapis.com/gcf-v2-uploads-486612480549.asia-northeast1.cloudfunctions.appspot.com/63db2871-70c1-4bb4-bc38-8224b91a8fb8.zip [omitted]
[info] +  functions: functions source uploaded successfully 
[info] i  hosting[enzine-schedule]: beginning deploy... 
[info] i  hosting[enzine-schedule]: found 20 files in . 
[debug] [2026-07-07T02:19:53.103Z] [hosting] uploading with 200 concurrency
[debug] [2026-07-07T02:19:53.112Z] Checked if tokens are valid: true, expires at: 1783394370739
[debug] [2026-07-07T02:19:53.112Z] Checked if tokens are valid: true, expires at: 1783394370739
[debug] [2026-07-07T02:19:53.113Z] [hosting] hash cache [] stored for 20 files
[debug] [2026-07-07T02:19:53.114Z] [hosting][hash queue][FINAL] {"max":4,"min":0,"avg":0.7,"active":0,"complete":20,"success":20,"errored":0,"retried":0,"total":20,"elapsed":9}
[debug] [2026-07-07T02:19:53.114Z] >>> [apiv2][query] POST https://firebasehosting.googleapis.com/v1beta1/projects/486612480549/sites/enzine-schedule/versions/ac88b90cdda0b4f3:populateFiles [none]
[debug] [2026-07-07T02:19:53.114Z] >>> [apiv2][body] POST https://firebasehosting.googleapis.com/v1beta1/projects/486612480549/sites/enzine-schedule/versions/ac88b90cdda0b4f3:populateFiles {"files":{"/workshops.js":"a344c2fb9e23b2af8cb7dbba776f6138e9eb60dbb3367309227a695410037d29","/workshops.html":"af9f80af54fb41df273f3d21b42a281631ddee45522dcfceae1f3f73b8bf7952","/weekly-report.js":"12d5788439b6e84b5ee6ac89e7bd197d404f2bf6f06c6129529492ebe3e5b8a3","/weekly-report.html":"298b2498b4f3d08ec72e3c2eca5d2ee3c378859393fe31964a21ebad6493f941","/user.html":"032d3a40db439047ec31358f80ac1c5bcc2fc52b2c070f4ac2360d374b76d966","/ui-common.js":"bc61f6d859923255106dad83667aa9cecdf459902f133fcc8d62a408913ec4f2","/style.css":"9d3a9dcdb8585a7b16f175df9a8659e36a8633acdaca2c5f791d5c35782cc7d3","/staff.js":"1253c1939de86134008a4a91cb908327928dd92121610951ceb06ec78c3592e0","/staff.html":"33de11614750972e3e3d40fdc731effdfdf5ea9438a798f8349d3f06625ca017","/schedule.js":"beedff1457eb36c9ada1c7e16e9e7081e13231b8d71a2a96c6d1d4a9cf1c271c","/index.html":"d9bbac8fd0d4be307a0786afc0f32e60f331ab2838ae0e243481ea956a51710a","/firebase-config.js":"1476101f44f1cd1a2e357b43dfbafb1a962e1c2e3bfabda8b217f4df6721fdef","/enzine_icon.png":"abaa8772391d6649682fbc42310cdf2a485e94ceaeabee71c046c60dcc81b2bf","/auth.js":"39e411a345c66a7f161a08fb2b4751293de90c9efd208445cacd901e6905d494","/.firebase-cli-config/configstore/update-notifier-firebase-tools.json":"88cbae57335b44023f356a75ec57457ae8e8ac602103262434907423278b7b8a","/.firebase-cli-config/configstore/firebase-tools.json":"c48af1e2b469cf8c869097540babee7b3e9810571595fb4a312b69e12a372a8a","/chatwork.html":"a31150f1a45a12db1b8a0c5709be28af522ed59c098991c682ea010798fd4123","/admin.html":"2d67a287c3c6311587d13234b0f7491c959597b3970b018faccc8dddefccc67d","/chatwork.js":"8b68e1a7b3b09476d93cea2de1f68206ba902b20acb45657c5b1a9b93b5b50cc","/admin.js":"2bf253ef58bc262ba7456fbd6fe27adf86f7dfe0aee1f889140c8751cd1e5db7"}}
[debug] [2026-07-07T02:19:53.969Z] <<< [apiv2][status] POST https://firebasehosting.googleapis.com/v1beta1/projects/486612480549/sites/enzine-schedule/versions/ac88b90cdda0b4f3:populateFiles 200
[debug] [2026-07-07T02:19:53.969Z] <<< [apiv2][body] POST https://firebasehosting.googleapis.com/v1beta1/projects/486612480549/sites/enzine-schedule/versions/ac88b90cdda0b4f3:populateFiles {"uploadRequiredHashes":["a31150f1a45a12db1b8a0c5709be28af522ed59c098991c682ea010798fd4123","2bf253ef58bc262ba7456fbd6fe27adf86f7dfe0aee1f889140c8751cd1e5db7","8b68e1a7b3b09476d93cea2de1f68206ba902b20acb45657c5b1a9b93b5b50cc","2d67a287c3c6311587d13234b0f7491c959597b3970b018faccc8dddefccc67d"],"uploadUrl":"https://upload-firebasehosting.googleapis.com/upload/sites/enzine-schedule/versions/ac88b90cdda0b4f3/files"}
[debug] [2026-07-07T02:19:53.969Z] Checked if tokens are valid: true, expires at: 1783394370739
[debug] [2026-07-07T02:19:53.970Z] Checked if tokens are valid: true, expires at: 1783394370739
[debug] [2026-07-07T02:19:53.970Z] Checked if tokens are valid: true, expires at: 1783394370739
[debug] [2026-07-07T02:19:53.970Z] Checked if tokens are valid: true, expires at: 1783394370739
[debug] [2026-07-07T02:19:53.970Z] Checked if tokens are valid: true, expires at: 1783394370739
[debug] [2026-07-07T02:19:53.970Z] Checked if tokens are valid: true, expires at: 1783394370739
[debug] [2026-07-07T02:19:53.970Z] Checked if tokens are valid: true, expires at: 1783394370739
[debug] [2026-07-07T02:19:53.970Z] Checked if tokens are valid: true, expires at: 1783394370739
[debug] [2026-07-07T02:19:53.970Z] >>> [apiv2][query] POST https://upload-firebasehosting.googleapis.com/upload/sites/enzine-schedule/versions/ac88b90cdda0b4f3/files/a31150f1a45a12db1b8a0c5709be28af522ed59c098991c682ea010798fd4123 [none]
[debug] [2026-07-07T02:19:53.970Z] >>> [apiv2][body] POST https://upload-firebasehosting.googleapis.com/upload/sites/enzine-schedule/versions/ac88b90cdda0b4f3/files/a31150f1a45a12db1b8a0c5709be28af522ed59c098991c682ea010798fd4123 [stream]
[debug] [2026-07-07T02:19:53.971Z] >>> [apiv2][query] POST https://upload-firebasehosting.googleapis.com/upload/sites/enzine-schedule/versions/ac88b90cdda0b4f3/files/2bf253ef58bc262ba7456fbd6fe27adf86f7dfe0aee1f889140c8751cd1e5db7 [none]
[debug] [2026-07-07T02:19:53.971Z] >>> [apiv2][body] POST https://upload-firebasehosting.googleapis.com/upload/sites/enzine-schedule/versions/ac88b90cdda0b4f3/files/2bf253ef58bc262ba7456fbd6fe27adf86f7dfe0aee1f889140c8751cd1e5db7 [stream]
[debug] [2026-07-07T02:19:53.972Z] >>> [apiv2][query] POST https://upload-firebasehosting.googleapis.com/upload/sites/enzine-schedule/versions/ac88b90cdda0b4f3/files/8b68e1a7b3b09476d93cea2de1f68206ba902b20acb45657c5b1a9b93b5b50cc [none]
[debug] [2026-07-07T02:19:53.972Z] >>> [apiv2][body] POST https://upload-firebasehosting.googleapis.com/upload/sites/enzine-schedule/versions/ac88b90cdda0b4f3/files/8b68e1a7b3b09476d93cea2de1f68206ba902b20acb45657c5b1a9b93b5b50cc [stream]
[debug] [2026-07-07T02:19:53.973Z] >>> [apiv2][query] POST https://upload-firebasehosting.googleapis.com/upload/sites/enzine-schedule/versions/ac88b90cdda0b4f3/files/2d67a287c3c6311587d13234b0f7491c959597b3970b018faccc8dddefccc67d [none]
[debug] [2026-07-07T02:19:53.973Z] >>> [apiv2][body] POST https://upload-firebasehosting.googleapis.com/upload/sites/enzine-schedule/versions/ac88b90cdda0b4f3/files/2d67a287c3c6311587d13234b0f7491c959597b3970b018faccc8dddefccc67d [stream]
[debug] [2026-07-07T02:19:53.974Z] [hosting][populate queue][FINAL] {"max":858,"min":858,"avg":858,"active":0,"complete":1,"success":1,"errored":0,"retried":0,"total":1,"elapsed":862}
[debug] [2026-07-07T02:19:53.974Z] [hosting] uploads queued: 4
[debug] [2026-07-07T02:19:55.454Z] <<< [apiv2][status] POST https://upload-firebasehosting.googleapis.com/upload/sites/enzine-schedule/versions/ac88b90cdda0b4f3/files/2bf253ef58bc262ba7456fbd6fe27adf86f7dfe0aee1f889140c8751cd1e5db7 200
[debug] [2026-07-07T02:19:55.454Z] <<< [apiv2][body] POST https://upload-firebasehosting.googleapis.com/upload/sites/enzine-schedule/versions/ac88b90cdda0b4f3/files/2bf253ef58bc262ba7456fbd6fe27adf86f7dfe0aee1f889140c8751cd1e5db7 [stream]
[debug] [2026-07-07T02:19:55.493Z] <<< [apiv2][status] POST https://upload-firebasehosting.googleapis.com/upload/sites/enzine-schedule/versions/ac88b90cdda0b4f3/files/8b68e1a7b3b09476d93cea2de1f68206ba902b20acb45657c5b1a9b93b5b50cc 200
[debug] [2026-07-07T02:19:55.493Z] <<< [apiv2][body] POST https://upload-firebasehosting.googleapis.com/upload/sites/enzine-schedule/versions/ac88b90cdda0b4f3/files/8b68e1a7b3b09476d93cea2de1f68206ba902b20acb45657c5b1a9b93b5b50cc [stream]
[debug] [2026-07-07T02:19:55.527Z] <<< [apiv2][status] POST https://upload-firebasehosting.googleapis.com/upload/sites/enzine-schedule/versions/ac88b90cdda0b4f3/files/a31150f1a45a12db1b8a0c5709be28af522ed59c098991c682ea010798fd4123 200
[debug] [2026-07-07T02:19:55.528Z] <<< [apiv2][body] POST https://upload-firebasehosting.googleapis.com/upload/sites/enzine-schedule/versions/ac88b90cdda0b4f3/files/a31150f1a45a12db1b8a0c5709be28af522ed59c098991c682ea010798fd4123 [stream]
[debug] [2026-07-07T02:19:55.535Z] <<< [apiv2][status] POST https://upload-firebasehosting.googleapis.com/upload/sites/enzine-schedule/versions/ac88b90cdda0b4f3/files/2d67a287c3c6311587d13234b0f7491c959597b3970b018faccc8dddefccc67d 200
[debug] [2026-07-07T02:19:55.535Z] <<< [apiv2][body] POST https://upload-firebasehosting.googleapis.com/upload/sites/enzine-schedule/versions/ac88b90cdda0b4f3/files/2d67a287c3c6311587d13234b0f7491c959597b3970b018faccc8dddefccc67d [stream]
[debug] [2026-07-07T02:19:55.535Z] [hosting][upload queue][FINAL] {"max":1565,"min":1485,"avg":1533,"active":0,"complete":4,"success":4,"errored":0,"retried":0,"total":4,"elapsed":1566}
[info] +  hosting[enzine-schedule]: file upload complete 
[debug] [2026-07-07T02:19:55.536Z] [hosting] deploy completed after 2452ms
[info] i  functions: updating Node.js 22 (2nd Gen) function createAuthUserAndProfile(asia-northeast1)... 
[info] i  functions: updating Node.js 22 (2nd Gen) function migrateLegacyOfficeIdToEnzineChiba(asia-northeast1)... 
[info] i  functions: updating Node.js 22 (2nd Gen) function getChatworkConsoleData(asia-northeast1)... 
[info] i  functions: updating Node.js 22 (2nd Gen) function getChatworkWeeklyReportMissingGroup(asia-northeast1)... 
[info] i  functions: updating Node.js 22 (2nd Gen) function saveChatworkIntegrationConfig(asia-northeast1)... 
[info] i  functions: updating Node.js 22 (2nd Gen) function sendChatworkMessage(asia-northeast1)... 
[debug] [2026-07-07T02:19:55.542Z] Checked if tokens are valid: true, expires at: 1783394370739
[debug] [2026-07-07T02:19:55.542Z] Checked if tokens are valid: true, expires at: 1783394370739
[debug] [2026-07-07T02:19:55.542Z] >>> [apiv2][query] PATCH https://cloudfunctions.googleapis.com/v2/projects/enzine-schedule/locations/asia-northeast1/functions/createAuthUserAndProfile updateMask=name%2CbuildConfig.runtime%2CbuildConfig.entryPoint%2CbuildConfig.source.storageSource.bucket%2CbuildConfig.source.storageSource.object%2CbuildConfig.environmentVariables%2CbuildConfig.sourceToken%2CserviceConfig.environmentVariables%2CserviceConfig.ingressSettings%2CserviceConfig.timeoutSeconds%2CserviceConfig.serviceAccountEmail%2CserviceConfig.availableMemory%2CserviceConfig.minInstanceCount%2CserviceConfig.maxInstanceCount%2CserviceConfig.maxInstanceRequestConcurrency%2CserviceConfig.availableCpu%2CserviceConfig.vpcConnector%2CserviceConfig.vpcConnectorEgressSettings%2CserviceConfig.directVpcNetworkInterface%2CserviceConfig.directVpcEgress%2Clabels
[debug] [2026-07-07T02:19:55.542Z] >>> [apiv2][body] PATCH https://cloudfunctions.googleapis.com/v2/projects/enzine-schedule/locations/asia-northeast1/functions/createAuthUserAndProfile {"name":"projects/enzine-schedule/locations/asia-northeast1/functions/createAuthUserAndProfile","buildConfig":{"runtime":"nodejs22","entryPoint":"createAuthUserAndProfile","source":{"storageSource":{"bucket":"gcf-v2-uploads-486612480549.asia-northeast1.cloudfunctions.appspot.com","object":"63db2871-70c1-4bb4-bc38-8224b91a8fb8.zip"}},"environmentVariables":{"GOOGLE_NODE_RUN_SCRIPTS":""}},"serviceConfig":{"environmentVariables":{"FIREBASE_CONFIG":"{\"projectId\":\"enzine-schedule\",\"storageBucket\":\"enzine-schedule.firebasestorage.app\"}","GCLOUD_PROJECT":"enzine-schedule","EVENTARC_CLOUD_EVENT_SOURCE":"projects/enzine-schedule/locations/asia-northeast1/services/createAuthUserAndProfile","FUNCTION_TARGET":"createAuthUserAndProfile","LOG_EXECUTION_ID":"true","FUNCTION_SIGNATURE_TYPE":"http"},"ingressSettings":null,"timeoutSeconds":30,"serviceAccountEmail":null,"availableMemory":"256Mi","minInstanceCount":null,"maxInstanceCount":2,"maxInstanceRequestConcurrency":80,"availableCpu":"1","vpcConnector":null,"vpcConnectorEgressSettings":null,"directVpcNetworkInterface":null,"directVpcEgress":null},"labels":{"deployment-tool":"cli-firebase","deployment-callable":"true","firebase-functions-hash":"9dff8369e4350a6a2d570ee52638bbee72208e7a"}}
[debug] [2026-07-07T02:19:57.217Z] <<< [apiv2][status] PATCH https://cloudfunctions.googleapis.com/v2/projects/enzine-schedule/locations/asia-northeast1/functions/createAuthUserAndProfile 200
[debug] [2026-07-07T02:19:57.217Z] <<< [apiv2][body] PATCH https://cloudfunctions.googleapis.com/v2/projects/enzine-schedule/locations/asia-northeast1/functions/createAuthUserAndProfile {"name":"projects/enzine-schedule/locations/asia-northeast1/operations/operation-1783390795259-655fc06d8df08-9593c1c8-13c0fe6e","metadata":{"@type":"type.googleapis.com/google.cloud.functions.v2.OperationMetadata","createTime":"2026-07-07T02:19:56.807136268Z","target":"projects/enzine-schedule/locations/asia-northeast1/functions/createAuthUserAndProfile","verb":"update","cancelRequested":false,"apiVersion":"v2"},"done":false}
[debug] [2026-07-07T02:19:57.218Z] Checked if tokens are valid: true, expires at: 1783394370739
[debug] [2026-07-07T02:19:57.218Z] Checked if tokens are valid: true, expires at: 1783394370739
[debug] [2026-07-07T02:19:57.218Z] >>> [apiv2][query] GET https://cloudfunctions.googleapis.com/v2/projects/enzine-schedule/locations/asia-northeast1/operations/operation-1783390795259-655fc06d8df08-9593c1c8-13c0fe6e [none]
[debug] [2026-07-07T02:19:57.738Z] <<< [apiv2][status] GET https://cloudfunctions.googleapis.com/v2/projects/enzine-schedule/locations/asia-northeast1/operations/operation-1783390795259-655fc06d8df08-9593c1c8-13c0fe6e 200
[debug] [2026-07-07T02:19:57.738Z] <<< [apiv2][body] GET https://cloudfunctions.googleapis.com/v2/projects/enzine-schedule/locations/asia-northeast1/operations/operation-1783390795259-655fc06d8df08-9593c1c8-13c0fe6e {"name":"projects/enzine-schedule/locations/asia-northeast1/operations/operation-1783390795259-655fc06d8df08-9593c1c8-13c0fe6e","metadata":{"@type":"type.googleapis.com/google.cloud.functions.v2.OperationMetadata","createTime":"2026-07-07T02:19:56.807136268Z","target":"projects/enzine-schedule/locations/asia-northeast1/functions/createAuthUserAndProfile","verb":"update","cancelRequested":false,"apiVersion":"v2","requestResource":{"@type":"type.googleapis.com/google.cloud.functions.v2.Function","name":"projects/enzine-schedule/locations/asia-northeast1/functions/createAuthUserAndProfile","buildConfig":{"runtime":"nodejs22","entryPoint":"createAuthUserAndProfile","source":{"storageSource":{"bucket":"gcf-v2-sources-486612480549-asia-northeast1","object":"createAuthUserAndProfile/function-source.zip","generation":"1783390796758384"}},"environmentVariables":{"GOOGLE_NODE_RUN_SCRIPTS":""},"dockerRepository":"projects/enzine-schedule/locations/asia-northeast1/repositories/gcf-artifacts","sourceProvenance":{"resolvedStorageSource":{"bucket":"gcf-v2-sources-486612480549-asia-northeast1","object":"createAuthUserAndProfile/function-source.zip","generation":"1783388019122440"}},"dockerRegistry":"ARTIFACT_REGISTRY","serviceAccount":"projects/enzine-schedule/serviceAccounts/486612480549-compute@developer.gserviceaccount.com","automaticUpdatePolicy":{}},"serviceConfig":{"service":"projects/enzine-schedule/locations/asia-northeast1/services/createauthuserandprofile","timeoutSeconds":30,"environmentVariables":{"FIREBASE_CONFIG":"{\"projectId\":\"enzine-schedule\",\"storageBucket\":\"enzine-schedule.firebasestorage.app\"}","GCLOUD_PROJECT":"enzine-schedule","EVENTARC_CLOUD_EVENT_SOURCE":"projects/enzine-schedule/locations/asia-northeast1/services/createAuthUserAndProfile","FUNCTION_TARGET":"createAuthUserAndProfile","LOG_EXECUTION_ID":"true","FUNCTION_SIGNATURE_TYPE":"http"},"maxInstanceCount":2,"ingressSettings":"ALLOW_ALL","uri":"https://createauthuserandprofile-ern3i6cvxq-an.a.run.app","serviceAccountEmail":"486612480549-compute@developer.gserviceaccount.com","availableMemory":"256Mi","allTrafficOnLatestRevision":true,"revision":"createauthuserandprofile-00007-qag","maxInstanceRequestConcurrency":80,"availableCpu":"1"},"state":"ACTIVE","labels":{"deployment-tool":"cloudfunctions","deployment-callable":"true","firebase-functions-hash":"9dff8369e4350a6a2d570ee52638bbee72208e7a"},"environment":"GEN_2","url":"https://asia-northeast1-enzine-schedule.cloudfunctions.net/createAuthUserAndProfile","satisfiesPzi":true},"stages":[{"name":"BUILD","state":"NOT_STARTED"},{"name":"SERVICE","state":"NOT_STARTED"}],"operationType":"UPDATE_FUNCTION"},"done":false}
[debug] [2026-07-07T02:19:58.251Z] [update-default-asia-northeast1-createAuthUserAndProfile] Retrying task index 0
[debug] [2026-07-07T02:19:58.251Z] Checked if tokens are valid: true, expires at: 1783394370739
[debug] [2026-07-07T02:19:58.252Z] Checked if tokens are valid: true, expires at: 1783394370739
[debug] [2026-07-07T02:19:58.252Z] >>> [apiv2][query] GET https://cloudfunctions.googleapis.com/v2/projects/enzine-schedule/locations/asia-northeast1/operations/operation-1783390795259-655fc06d8df08-9593c1c8-13c0fe6e [none]
[debug] [2026-07-07T02:19:58.401Z] <<< [apiv2][status] GET https://cloudfunctions.googleapis.com/v2/projects/enzine-schedule/locations/asia-northeast1/operations/operation-1783390795259-655fc06d8df08-9593c1c8-13c0fe6e 200
[debug] [2026-07-07T02:19:58.401Z] <<< [apiv2][body] GET https://cloudfunctions.googleapis.com/v2/projects/enzine-schedule/locations/asia-northeast1/operations/operation-1783390795259-655fc06d8df08-9593c1c8-13c0fe6e {"name":"projects/enzine-schedule/locations/asia-northeast1/operations/operation-1783390795259-655fc06d8df08-9593c1c8-13c0fe6e","metadata":{"@type":"type.googleapis.com/google.cloud.functions.v2.OperationMetadata","createTime":"2026-07-07T02:19:56.807136268Z","target":"projects/enzine-schedule/locations/asia-northeast1/functions/createAuthUserAndProfile","verb":"update","cancelRequested":false,"apiVersion":"v2","requestResource":{"@type":"type.googleapis.com/google.cloud.functions.v2.Function","name":"projects/enzine-schedule/locations/asia-northeast1/functions/createAuthUserAndProfile","buildConfig":{"runtime":"nodejs22","entryPoint":"createAuthUserAndProfile","source":{"storageSource":{"bucket":"gcf-v2-sources-486612480549-asia-northeast1","object":"createAuthUserAndProfile/function-source.zip","generation":"1783390796758384"}},"environmentVariables":{"GOOGLE_NODE_RUN_SCRIPTS":""},"dockerRepository":"projects/enzine-schedule/locations/asia-northeast1/repositories/gcf-artifacts","sourceProvenance":{"resolvedStorageSource":{"bucket":"gcf-v2-sources-486612480549-asia-northeast1","object":"createAuthUserAndProfile/function-source.zip","generation":"1783388019122440"}},"dockerRegistry":"ARTIFACT_REGISTRY","serviceAccount":"projects/enzine-schedule/serviceAccounts/486612480549-compute@developer.gserviceaccount.com","automaticUpdatePolicy":{}},"serviceConfig":{"service":"projects/enzine-schedule/locations/asia-northeast1/services/createauthuserandprofile","timeoutSeconds":30,"environmentVariables":{"FIREBASE_CONFIG":"{\"projectId\":\"enzine-schedule\",\"storageBucket\":\"enzine-schedule.firebasestorage.app\"}","GCLOUD_PROJECT":"enzine-schedule","EVENTARC_CLOUD_EVENT_SOURCE":"projects/enzine-schedule/locations/asia-northeast1/services/createAuthUserAndProfile","FUNCTION_TARGET":"createAuthUserAndProfile","LOG_EXECUTION_ID":"true","FUNCTION_SIGNATURE_TYPE":"http"},"maxInstanceCount":2,"ingressSettings":"ALLOW_ALL","uri":"https://createauthuserandprofile-ern3i6cvxq-an.a.run.app","serviceAccountEmail":"486612480549-compute@developer.gserviceaccount.com","availableMemory":"256Mi","allTrafficOnLatestRevision":true,"revision":"createauthuserandprofile-00007-qag","maxInstanceRequestConcurrency":80,"availableCpu":"1"},"state":"ACTIVE","labels":{"deployment-tool":"cloudfunctions","deployment-callable":"true","firebase-functions-hash":"9dff8369e4350a6a2d570ee52638bbee72208e7a"},"environment":"GEN_2","url":"https://asia-northeast1-enzine-schedule.cloudfunctions.net/createAuthUserAndProfile","satisfiesPzi":true},"stages":[{"name":"BUILD","state":"NOT_STARTED"},{"name":"SERVICE","state":"NOT_STARTED"}],"operationType":"UPDATE_FUNCTION"},"done":false}
[debug] [2026-07-07T02:19:59.402Z] [update-default-asia-northeast1-createAuthUserAndProfile] Retrying task index 0
[debug] [2026-07-07T02:19:59.402Z] Checked if tokens are valid: true, expires at: 1783394370739
[debug] [2026-07-07T02:19:59.402Z] Checked if tokens are valid: true, expires at: 1783394370739
[debug] [2026-07-07T02:19:59.402Z] >>> [apiv2][query] GET https://cloudfunctions.googleapis.com/v2/projects/enzine-schedule/locations/asia-northeast1/operations/operation-1783390795259-655fc06d8df08-9593c1c8-13c0fe6e [none]
[debug] [2026-07-07T02:19:59.510Z] <<< [apiv2][status] GET https://cloudfunctions.googleapis.com/v2/projects/enzine-schedule/locations/asia-northeast1/operations/operation-1783390795259-655fc06d8df08-9593c1c8-13c0fe6e 200
[debug] [2026-07-07T02:19:59.510Z] <<< [apiv2][body] GET https://cloudfunctions.googleapis.com/v2/projects/enzine-schedule/locations/asia-northeast1/operations/operation-1783390795259-655fc06d8df08-9593c1c8-13c0fe6e {"name":"projects/enzine-schedule/locations/asia-northeast1/operations/operation-1783390795259-655fc06d8df08-9593c1c8-13c0fe6e","metadata":{"@type":"type.googleapis.com/google.cloud.functions.v2.OperationMetadata","createTime":"2026-07-07T02:19:56.807136268Z","target":"projects/enzine-schedule/locations/asia-northeast1/functions/createAuthUserAndProfile","verb":"update","cancelRequested":false,"apiVersion":"v2","requestResource":{"@type":"type.googleapis.com/google.cloud.functions.v2.Function","name":"projects/enzine-schedule/locations/asia-northeast1/functions/createAuthUserAndProfile","buildConfig":{"runtime":"nodejs22","entryPoint":"createAuthUserAndProfile","source":{"storageSource":{"bucket":"gcf-v2-sources-486612480549-asia-northeast1","object":"createAuthUserAndProfile/function-source.zip","generation":"1783390796758384"}},"environmentVariables":{"GOOGLE_NODE_RUN_SCRIPTS":""},"dockerRepository":"projects/enzine-schedule/locations/asia-northeast1/repositories/gcf-artifacts","sourceProvenance":{"resolvedStorageSource":{"bucket":"gcf-v2-sources-486612480549-asia-northeast1","object":"createAuthUserAndProfile/function-source.zip","generation":"1783388019122440"}},"dockerRegistry":"ARTIFACT_REGISTRY","serviceAccount":"projects/enzine-schedule/serviceAccounts/486612480549-compute@developer.gserviceaccount.com","automaticUpdatePolicy":{}},"serviceConfig":{"service":"projects/enzine-schedule/locations/asia-northeast1/services/createauthuserandprofile","timeoutSeconds":30,"environmentVariables":{"FIREBASE_CONFIG":"{\"projectId\":\"enzine-schedule\",\"storageBucket\":\"enzine-schedule.firebasestorage.app\"}","GCLOUD_PROJECT":"enzine-schedule","EVENTARC_CLOUD_EVENT_SOURCE":"projects/enzine-schedule/locations/asia-northeast1/services/createAuthUserAndProfile","FUNCTION_TARGET":"createAuthUserAndProfile","LOG_EXECUTION_ID":"true","FUNCTION_SIGNATURE_TYPE":"http"},"maxInstanceCount":2,"ingressSettings":"ALLOW_ALL","uri":"https://createauthuserandprofile-ern3i6cvxq-an.a.run.app","serviceAccountEmail":"486612480549-compute@developer.gserviceaccount.com","availableMemory":"256Mi","allTrafficOnLatestRevision":true,"revision":"createauthuserandprofile-00007-qag","maxInstanceRequestConcurrency":80,"availableCpu":"1"},"state":"ACTIVE","labels":{"deployment-tool":"cloudfunctions","deployment-callable":"true","firebase-functions-hash":"9dff8369e4350a6a2d570ee52638bbee72208e7a"},"environment":"GEN_2","url":"https://asia-northeast1-enzine-schedule.cloudfunctions.net/createAuthUserAndProfile","satisfiesPzi":true},"stages":[{"name":"BUILD","message":"Build in progress","state":"IN_PROGRESS","resource":"projects/486612480549/locations/asia-northeast1/builds/3501a9f0-a5bb-46eb-80bb-3fab60041b52","resourceUri":"https://console.cloud.google.com/cloud-build/builds;region=asia-northeast1/3501a9f0-a5bb-46eb-80bb-3fab60041b52?project=486612480549"},{"name":"SERVICE","state":"NOT_STARTED"}],"operationType":"UPDATE_FUNCTION","buildName":"projects/486612480549/locations/asia-northeast1/builds/3501a9f0-a5bb-46eb-80bb-3fab60041b52"},"done":false}
[debug] [2026-07-07T02:20:01.515Z] [update-default-asia-northeast1-createAuthUserAndProfile] Retrying task index 0
[debug] [2026-07-07T02:20:01.515Z] Checked if tokens are valid: true, expires at: 1783394370739
[debug] [2026-07-07T02:20:01.516Z] Checked if tokens are valid: true, expires at: 1783394370739
[debug] [2026-07-07T02:20:01.516Z] >>> [apiv2][query] GET https://cloudfunctions.googleapis.com/v2/projects/enzine-schedule/locations/asia-northeast1/operations/operation-1783390795259-655fc06d8df08-9593c1c8-13c0fe6e [none]
[debug] [2026-07-07T02:20:01.810Z] <<< [apiv2][status] GET https://cloudfunctions.googleapis.com/v2/projects/enzine-schedule/locations/asia-northeast1/operations/operation-1783390795259-655fc06d8df08-9593c1c8-13c0fe6e 200
[debug] [2026-07-07T02:20:01.810Z] <<< [apiv2][body] GET https://cloudfunctions.googleapis.com/v2/projects/enzine-schedule/locations/asia-northeast1/operations/operation-1783390795259-655fc06d8df08-9593c1c8-13c0fe6e {"name":"projects/enzine-schedule/locations/asia-northeast1/operations/operation-1783390795259-655fc06d8df08-9593c1c8-13c0fe6e","metadata":{"@type":"type.googleapis.com/google.cloud.functions.v2.OperationMetadata","createTime":"2026-07-07T02:19:56.807136268Z","target":"projects/enzine-schedule/locations/asia-northeast1/functions/createAuthUserAndProfile","verb":"update","cancelRequested":false,"apiVersion":"v2","requestResource":{"@type":"type.googleapis.com/google.cloud.functions.v2.Function","name":"projects/enzine-schedule/locations/asia-northeast1/functions/createAuthUserAndProfile","buildConfig":{"runtime":"nodejs22","entryPoint":"createAuthUserAndProfile","source":{"storageSource":{"bucket":"gcf-v2-sources-486612480549-asia-northeast1","object":"createAuthUserAndProfile/function-source.zip","generation":"1783390796758384"}},"environmentVariables":{"GOOGLE_NODE_RUN_SCRIPTS":""},"dockerRepository":"projects/enzine-schedule/locations/asia-northeast1/repositories/gcf-artifacts","sourceProvenance":{"resolvedStorageSource":{"bucket":"gcf-v2-sources-486612480549-asia-northeast1","object":"createAuthUserAndProfile/function-source.zip","generation":"1783388019122440"}},"dockerRegistry":"ARTIFACT_REGISTRY","serviceAccount":"projects/enzine-schedule/serviceAccounts/486612480549-compute@developer.gserviceaccount.com","automaticUpdatePolicy":{}},"serviceConfig":{"service":"projects/enzine-schedule/locations/asia-northeast1/services/createauthuserandprofile","timeoutSeconds":30,"environmentVariables":{"FIREBASE_CONFIG":"{\"projectId\":\"enzine-schedule\",\"storageBucket\":\"enzine-schedule.firebasestorage.app\"}","GCLOUD_PROJECT":"enzine-schedule","EVENTARC_CLOUD_EVENT_SOURCE":"projects/enzine-schedule/locations/asia-northeast1/services/createAuthUserAndProfile","FUNCTION_TARGET":"createAuthUserAndProfile","LOG_EXECUTION_ID":"true","FUNCTION_SIGNATURE_TYPE":"http"},"maxInstanceCount":2,"ingressSettings":"ALLOW_ALL","uri":"https://createauthuserandprofile-ern3i6cvxq-an.a.run.app","serviceAccountEmail":"486612480549-compute@developer.gserviceaccount.com","availableMemory":"256Mi","allTrafficOnLatestRevision":true,"revision":"createauthuserandprofile-00007-qag","maxInstanceRequestConcurrency":80,"availableCpu":"1"},"state":"ACTIVE","labels":{"deployment-tool":"cloudfunctions","deployment-callable":"true","firebase-functions-hash":"9dff8369e4350a6a2d570ee52638bbee72208e7a"},"environment":"GEN_2","url":"https://asia-northeast1-enzine-schedule.cloudfunctions.net/createAuthUserAndProfile","satisfiesPzi":true},"stages":[{"name":"BUILD","message":"Build in progress","state":"IN_PROGRESS","resource":"projects/486612480549/locations/asia-northeast1/builds/3501a9f0-a5bb-46eb-80bb-3fab60041b52","resourceUri":"https://console.cloud.google.com/cloud-build/builds;region=asia-northeast1/3501a9f0-a5bb-46eb-80bb-3fab60041b52?project=486612480549"},{"name":"SERVICE","state":"NOT_STARTED"}],"operationType":"UPDATE_FUNCTION","buildName":"projects/486612480549/locations/asia-northeast1/builds/3501a9f0-a5bb-46eb-80bb-3fab60041b52"},"done":false}
[debug] [2026-07-07T02:20:05.816Z] [update-default-asia-northeast1-createAuthUserAndProfile] Retrying task index 0
[debug] [2026-07-07T02:20:05.816Z] Checked if tokens are valid: true, expires at: 1783394370739
[debug] [2026-07-07T02:20:05.816Z] Checked if tokens are valid: true, expires at: 1783394370739
[debug] [2026-07-07T02:20:05.816Z] >>> [apiv2][query] GET https://cloudfunctions.googleapis.com/v2/projects/enzine-schedule/locations/asia-northeast1/operations/operation-1783390795259-655fc06d8df08-9593c1c8-13c0fe6e [none]
[debug] [2026-07-07T02:20:05.907Z] <<< [apiv2][status] GET https://cloudfunctions.googleapis.com/v2/projects/enzine-schedule/locations/asia-northeast1/operations/operation-1783390795259-655fc06d8df08-9593c1c8-13c0fe6e 200
[debug] [2026-07-07T02:20:05.907Z] <<< [apiv2][body] GET https://cloudfunctions.googleapis.com/v2/projects/enzine-schedule/locations/asia-northeast1/operations/operation-1783390795259-655fc06d8df08-9593c1c8-13c0fe6e {"name":"projects/enzine-schedule/locations/asia-northeast1/operations/operation-1783390795259-655fc06d8df08-9593c1c8-13c0fe6e","metadata":{"@type":"type.googleapis.com/google.cloud.functions.v2.OperationMetadata","createTime":"2026-07-07T02:19:56.807136268Z","target":"projects/enzine-schedule/locations/asia-northeast1/functions/createAuthUserAndProfile","verb":"update","cancelRequested":false,"apiVersion":"v2","requestResource":{"@type":"type.googleapis.com/google.cloud.functions.v2.Function","name":"projects/enzine-schedule/locations/asia-northeast1/functions/createAuthUserAndProfile","buildConfig":{"runtime":"nodejs22","entryPoint":"createAuthUserAndProfile","source":{"storageSource":{"bucket":"gcf-v2-sources-486612480549-asia-northeast1","object":"createAuthUserAndProfile/function-source.zip","generation":"1783390796758384"}},"environmentVariables":{"GOOGLE_NODE_RUN_SCRIPTS":""},"dockerRepository":"projects/enzine-schedule/locations/asia-northeast1/repositories/gcf-artifacts","sourceProvenance":{"resolvedStorageSource":{"bucket":"gcf-v2-sources-486612480549-asia-northeast1","object":"createAuthUserAndProfile/function-source.zip","generation":"1783388019122440"}},"dockerRegistry":"ARTIFACT_REGISTRY","serviceAccount":"projects/enzine-schedule/serviceAccounts/486612480549-compute@developer.gserviceaccount.com","automaticUpdatePolicy":{}},"serviceConfig":{"service":"projects/enzine-schedule/locations/asia-northeast1/services/createauthuserandprofile","timeoutSeconds":30,"environmentVariables":{"FIREBASE_CONFIG":"{\"projectId\":\"enzine-schedule\",\"storageBucket\":\"enzine-schedule.firebasestorage.app\"}","GCLOUD_PROJECT":"enzine-schedule","EVENTARC_CLOUD_EVENT_SOURCE":"projects/enzine-schedule/locations/asia-northeast1/services/createAuthUserAndProfile","FUNCTION_TARGET":"createAuthUserAndProfile","LOG_EXECUTION_ID":"true","FUNCTION_SIGNATURE_TYPE":"http"},"maxInstanceCount":2,"ingressSettings":"ALLOW_ALL","uri":"https://createauthuserandprofile-ern3i6cvxq-an.a.run.app","serviceAccountEmail":"486612480549-compute@developer.gserviceaccount.com","availableMemory":"256Mi","allTrafficOnLatestRevision":true,"revision":"createauthuserandprofile-00007-qag","maxInstanceRequestConcurrency":80,"availableCpu":"1"},"state":"ACTIVE","labels":{"deployment-tool":"cloudfunctions","deployment-callable":"true","firebase-functions-hash":"9dff8369e4350a6a2d570ee52638bbee72208e7a"},"environment":"GEN_2","url":"https://asia-northeast1-enzine-schedule.cloudfunctions.net/createAuthUserAndProfile","satisfiesPzi":true},"stages":[{"name":"BUILD","message":"Build in progress","state":"IN_PROGRESS","resource":"projects/486612480549/locations/asia-northeast1/builds/3501a9f0-a5bb-46eb-80bb-3fab60041b52","resourceUri":"https://console.cloud.google.com/cloud-build/builds;region=asia-northeast1/3501a9f0-a5bb-46eb-80bb-3fab60041b52?project=486612480549"},{"name":"SERVICE","state":"NOT_STARTED"}],"operationType":"UPDATE_FUNCTION","buildName":"projects/486612480549/locations/asia-northeast1/builds/3501a9f0-a5bb-46eb-80bb-3fab60041b52"},"done":false}
